,text,label
209,username jangan maen banjir an yaa nanti anyut,fear
949,parahh banjir lagi,sadness
420,banjir mana mana jadi gak bisa berangkat,sadness
342,username username nyindir kpai ya koh emoji banyak sperma renang di banjir wkwkwk,happy
218,wkwkwk wajah baru jakarta moga yg banjir segera surut ya emoji,happy
787,username ga bisa lewaat yaa gw dr rmh aja blm sampai kmn ga bs kluar ga da angkut umum banjir yaa balik knn pulang mampir warung beli jajan hahahaha,happy
78,jakarta banjir emang gw pikiriin gembira ajaa yuuk emoji emoji emoji kota jakarta selatan daerah khusus ibukota jakarta indonesia url,happy
29,username ambil putus yg tepat mas bro istri amp anak bisa hidup tenang amp nyaman tanpa pikir banjir lagi emoji emoji,happy
529,pake tanya halo pak masih ajak diskusi bantu warga yang banjir sana gubernur url,angry
310,kota kota di luar negeri udah ngurusin corona jakarta masih ngurusin banjir aja wowkwowkwok,happy
235,awal januari banjir akhir februari banjir ya masa tiap bulan banjir emoji emoji url,happy
696,banyak jalan yang tutup gara gara banjir untung sampe juga kantor dgn super hati hati wkwkwkwk,happy
706,username di berita dah x sih da mungkin banjir yg bener sampe bikin gak bisa mana mana ya cuma kalo pikir in total mah kek x ada wkwk,happy
165,awas woy yang kena banjir tar hamil emoji emoji emoji,happy
568,wkwkwk banjir bos gpp bos demi formula e bos toh banjir dari allah toh bos formula entot,happy
934,bangun jam set ujan gede bgt trs liat hp buka grup isi bu rumah saya banjir bu ini air uda masuk bu jalan nya tutup bu bu bu buu dhla emg kasi libur wkwk,happy
532,username kata sih banjir sol tadi pagi wkwk,happy
65,saya sampai harus gadang tiap hujan pak username username akibat banjir yang akibat jebol tanggul ini capek pak saya pilih anda ketika pilgub saya percaya tidak ada batas antara pimpin amp rakyat tolong dengar jerit kami pak cc username url,sadness
141,username tweet yg tak terdugaa nyata beberapa jam banjir wkwk,happy
265,username username minta topi solusi banjir pak wkwkwkwkgubernur gagal,happy
885,username tetep aja kena banjir yg lantai bawah wkwkwwk,happy
483,username hahaha anies tiap hari doa minta banjir hari libur wkwkwkwkwk,happy
321,username yap true tapi mau gimana masyarakat ala dilibatkaan tidak emban punya uang perintah goblo ya sudah cocok yang penting punya uang dulu baru bisa ngomong kalo sekarang banjir mau nyalahin siapa perintah juga andil masalah mall ini emoji,angry
673,alhamdulillah genang air cuma sampe depan pager gak masuk rumah url,happy
259,banjir mana mana kasi amat deh,sadness
462,username username gua lupa maklum daya ingat kaya dor wkwk nah kalo memang banjir tahun itu akhir arti harus belum masuk musim hujan sudah ada antisipasi kaya misal kece pintu air eru kali bersih gorong dan lain,happy
803,biasa cuma liat up date org org banjir liat foto temen rumah banjir nah sekarang gue ngalamin sendiri subhanallah emoji,sadness
221,kalau lagi banjir jangan biar anak main air nanti takut hamil kata ibu hikma emoji,happy
275,banjir emang ga bs di elak cuma seengganya bisa di cegah dr awal kalo dr awal yg di utamain penanggannan banjir macet sampah bukannye monas cat jln bonkar pasang trotoar,angry
946,banjir boss eh tarik selimut tidur lagi hahaha,happy
424,di daerah kalian banjir gak alhamdulillah ga kena banjir emoji url,happy
312,alhamdulillah gardu listrik dampak banjir jakarta sudah kembali nyala url,happy
49,le banjir rumah nan gw trobos aja lah anjingg url,sadness
736,kemaren blg kaga mau msk kola tp boong eh malemna ujan ampe pagi alhasil jalur ke sekolah banjir alias mantap ga sekula wkwkwk see u bsk teman teman url,happy
2,neduh gw paling lama nih kek malem kmarin sampe subuhotw pulang malah banjir nih menteng emoji,sadness
551,cewe cewe jangan nerobos banjir ya takut hamil,happy
572,username wuh saya mah aman karena udah tinggal di rumah perintah,happy
915,username loh sekolah kan banjir gimana simulasi wkwk,happy
543,woii kadrun sial gara loe semua yg pd milih gubernur pake jual ayat amp ngancem mayat mulai dr orang hidup sampe yg mati pun di takut takutin sekarang gw yg pikir aja enggak milih wan bacot kudu nanggung akibat gara loe semua kadrun anjing banjir terus,angry
682,username wkwkwkw deket dari rumah tp aq ga banjir,happy
1007,username username masa bodo mau bagus mana pokok iman mending banjir korupsi goblok bodoh ngrusak kota asal iman dr pd yg bagus pinter bersih jujur bangun tp kafir gitu kira di pikir kadrun,angry
494,username username wakakkakakaka tapi kedoya sih beneran banjir cuma karena dia akun anonim asal ngambil foto,happy
584,username mau air lokal ato interlokal tugas anda itu selesai masalah bukan dengan kata dr awal tahun udah x jakarta banjir dan anda msh ngotot bikin balap koplak,angry
33,pertama kali gajadi balik karena force majeur ceunah aka banjir emoji,sadness
31,tanggal januari lalu boleh lah kaget gak nyangka curah hujan tinggi banget gak ada tanda tanda akan banjir sangat besar lalu bobol tanpa siap tapi kalo sekarang masih begitu juga itu nama gak mau ajar dari jadi lampau geram,angry
231,gajelas bgt gua abis tidur siang trs bangun eh keinget tadi mimpi jebak banjir di dalem mall air kaya sampe masuk gt ke mall nya sampe toko kerendem,sadness
757,username sunter mah selalu banjir danau wkwk,happy
192,ini depan rumahkalo sampe daerah rendam beginiini udah parah bgtstay safe semua yaa emoji url,sadness
883,tapi alhamdulillah udh padam temen temen semua yang kena banjir trs mati listrik gunain lilin nya hati hati ya jangan naro di kasur atau sembarang tempat,happy
3,lokasi bendung hilir banjir username url,angry
204,kasi temen yg kena banjir,sadness
334,plis ya allah jangan banjir lagi capek,sadness
582,ga banjir sih tp air terjun wkwk jdnya diratain kan malah suruh ngekost dpn rumah tuh gmn emoji url,happy
333,username masii jg koo pee eh lo kebanjiraan kagaa jun gue liaat ponkel banjir tinggi jg masa,sadness
77,akhir sampai juga telah terobos banjir url,happy
84,username gua terjang banjir gee mau gk mau tetep harus ke kantor btw akses ke kampus lu banjir semua tuh emang bagus laah di liburin wkkw,happy
296,username amin moga aican rumah ga kena banjir yaak wkwk,happy
82,username username username username username hujan rahmat amp banjir nya sholehah kata bapak itu emoji emoji emoji,happy
357,makan tuh banjir hari libur karna gubernur sholeh halah makan tuh anj url,angry
773,username wkwkwkwkwkwk klo banjir kan sama aja om renang juga jadi hati buat perempuan jgn sampe renang di air banjir,happy
784,jakarta banjir kenapa gubernur yang disalahin wkwk,happy
526,mana mana banjir tapi yang paling parah banjir sini nih di pipi,sadness
314,nonton tv isi banjirbuka wa isi banjirbuka fb isi banjirbuka ig isi banjircuma buka dompet doang yang isi kering emoji,sadness
398,username makin gede banjir makin asik,happy
286,buka wa banjirbuka ig banjirbuka twitter banjirbuka dompet alhamdulillah cairtapi gaada yg mau ajak jalan,happy
5,maju kota banjir warga teriak orang kendara lain pagi ini tuju kantor di jalan gatot subroto mungkin bapak sudah geram tapi bawa ketawa aja sama kayak saya yg pagi ini kantor hampir keliling air semua telah tahun tidak pernah seperti ini,angry
707,username iyak ampe dimintain poto gabisa situasi parah kata jadi ken izin aja wkwk sepat banjir ni pasti,happy
478,username rumah lu ga banjir bangsat urusin banjir jangan formula formula di urusin tolol,angry
97,mana toa toa guoblookbanjir kok toa mau khotbah emoji emoji emoji nies anies username kamu atau consultanmu yang kok username username username username url,sadness
468,username bukan kunjung tapi kerja atas banjir,angry
881,username wkwkw iyaa emang taal bekas banjir mana mana emoji,happy
879,cakung banjir teross ngeri,fear
266,username ya bosen uda bosen tiap minggu banjirngmngnya kek bot juga ngulang molowkwkwk,happy
531,besok besok kek kudu bikin kereta amfibi biar bisa tembus banjir wkwkwkwk url,happy
992,username wkwkw parah gue yg tadi nye ga banjir jadi banjir,happy
370,aji buat usir banjir say no more to banjir deeh emoji emoji emoji url,happy
986,hari ini kami uji salah satu temen yg tinggal di daerah belakang halim fix gabisa ikut uji gara banjir udah setinggi dada orang dewasa yg bikin w sedih adalah kakek nenek yg udah tua,sadness
662,username username ha ha ha anak sholeh username sementara username hilang saya bs maklum lelah username krn adlh bodoh tdk maksimal kemarau panjang kemarin guna antisipasi banjir alas aneh banjir itu natural,angry
118,cape ih resin rumah banjir mulu udah kaya rutinitas,sadness
377,potretrespons masyarakat warga jakarta yg jadi korban akan malas dan sikap abai gubernur pilih dengan cara brutal lalu fitnah dan politik agama ajar bagi masayarakat nkri untuk tidak lagi pilih pimpin yg guna agama foto kerenjakarta banjir url,angry
250,username lah emang harus kerja kemaren ngapain mati boss boss kl di corporate anda itu sudah bisa pecat tdk hormat lho pak tangan belum donk jgn sudah banjir baru olah ijinkan kami kerja ya udah jadi,angry
350,username gue gak dateng wkwk kesel bgt banjir,happy
9,mari kita semua doa moga sodara kita yg kena banjir di ikan tabah dan tolong bantu yg layak oleh pemprov dki jakarta url,happy
196,boss gw chat di group okta kalo banjir gak usah maksain masuk kantor ya mantabb jiwa,happy
761,tiap hujan pas bangun tidur haru itu jadi ga enak untuk kuliah pagi pagi berita ga enak semua wkwk rumah bocor di mana kamar basah semua sekolah adek banjir tetangga banjir beberapa krl terhambatsaya sedih tiap pagi hujan meski aku suka hujan wkwk,happy
81,username kaya kecoa hehehe masa banjir banjir ada udang,happy
927,asli sih baru kemarin mukim di dekat rumah bersih karna abis sekrng banjir lg coba tau ga gmn tu capek x hujan deras x jg banjir dtg tengah malem yg lain enak tidur ini mrka tngah malem ngungsi ga nyenyak tidur stay save emoji,sadness
603,kita harus syukur loh banjir besar kita ini selalu hari libur gubernur anies yang soleh ini bacot anjeng ini udah selasa wey itu temen temen gue banjir bantuin anjeng nga usah bacot url,angry
628,ujan dikit banjir ujan dikit banjir,sadness
239,mesti klo banjir dukuh kramat jati listrik di matiin semua kan aku kesal yang banjir sapa yg dipadamin mana,sadness
873,yang rumah ga mati lampu ga banjir numpang mandi ngecas sama makan dong kwkwk,happy
211,sungguh lelah kalo hujan tiap tengah malem gin deres gak henti gak bisa tidur karna takut itu banjir lagi,sadness
886,username kerja nyata gue beberes rumah ini banjir wkwkwk,happy
767,username mak gak gin cara nya makk siapa yang mau coli pas banjir siapa yang mau coli di ramai wakakkaka,happy
848,username username mon maap rumah saya sudah banjir wkwkwk,happy
227,buka ig banjir buka wa banjirbuka tv banjirgiliran buka dompet kering emoji,happy
867,kenapa ga libur sekolah si saat yg lain banjir mana td maksa bokap buat anter alhasil hampir mogok mana bokap baru bangun tidur kena hujan jadi dingin asli ga tega emoji tapi gimana si mau ga masuk tapi simulasi emoji,sadness
960,banjir tiga tahun ini gabener ente pantes dapat sumpah serapah banyak banyak senin malam tadi hujan mulai turun pukul wib saya tadi udah tidur tapi sejak saat itu url,angry
807,enak kerja di start up ujan deres banjir mana mana langsung chat grup masuk apa kerja dari rumah nih wkwkalhamdu lil,happy
177,alhamdulillah banjir di bagi daerah jadi masyarakat cerdas bukan cuman bisa bully doang tapi cari lah solusi,happy
935,selamatpagi jakarta bangsat banjir lagi url,angry
943,baru aja mbacot kita hrs syukur loh banjir besar kita ini slalu hari libur nah sekarang hari kerja nih mbacotnya tinggi sih langsung dibales sama ibu bumi kek nya azab ini karena rusak cagar budaya,angry
481,username username emang banjir td bonjer bre wkwkwk,happy
903,username jilat teruspikirkan rugi nya akibat banjir dan nyawa yg tinggal,sadness
836,alhamdulillah banjir kali ini di hari gaji doa gubernur soleh,happy
7,username bukit duri tanjak banjir udh tanjak tetep banjir biasanye banjir cuma kirim bogor depok tahun ini patah pake aer ujan skrg bisa tetep banjir url,sadness
155,mundur aja gabener a saya tinggal di tangsel dan ngantor di jakarta sudah berapa kali kantor harus tutup karena banjir di tahun ini total di dki jakarta ada berapa bisnis yang paksa laku hal yang sama rugi sangat besar,angry
548,timline gue stuck wkwkwk auk dah ampe kapan kek gin asa balik ke tahun baru deh cuma dalam kondisi gue yg lbh strong hadap banjir padam listrik ini,happy
535,username wkwkwk dugong jadi juga gamau d tempat banjir ga level emoji,happy
495,username andai pimpin yg pilih bukan dasar bacot tp kerja pasti bukan tidak mungkin jakarta dalam bln banjir lebih dari x harap air masuk ke tanah dan ngotot bikin balap otak mana,angry
408,tuh warga jakarta bahagia main di genang banjir bangke lu bilang seperti itu url,angry
788,khawatir warga dki saat jkt menang tuh salah satu adalah jakarta kembali banjir tapi jujur aja kita ga sangka bakal parah ini kondisi parah ini semua salah sandiaga uno yang tinggal jabat serius ini,angry
810,username eh pa tua coba dilist apa yang sudah laku anies vs jokowi saat jadi gubernur amp presiden soal tangan banjir kenapa gue minta dilist supaya follower elo gak makin bego,angry
344,banjir alhamdulillah gak dampak langsung ke saya tapi akhir dampak juga karena yang harus ajak diskusi kerja pada gak masuk karena banjir efek domino ya ini emoji,happy
585,kalo kali banjir itu masih bisa terima tp kalo udah kali dari awal tahun ini yg salah siapa rakyat yg milih pimpin atau memang pimpin yg bodoh,angry
945,username alam ya wkwkgua jg nerjang banjir kok kalo plg kuliah nya abis ujan wkwk,happy
581,bangga sama beatku bisa terjang banjir hari ini emoji,happy
428,masih banjir kata jakarta harus benah tapi kan dana udah alokasi untuk bangun ibu kota baru eh tapi gatau deh kan gue gaikut nyusun rencana anggaranwkwkwk,happy
595,username username username username bilang sama gubernur lo baru jadi banjir baru gerak harus gerak belum jadi banjir antisipasi biar gak seperti ini,angry
590,anjingg lagi banjir aja tawur,angry
717,jadi warga jakarta itu alhamdulillah buat saya makin sabar sabar kalau kena macet sabar ngurus ktp lama sabar kalau kena banjir dll,happy
835,username banjir wkwk udah libur aja libur kerja mulu emoji,happy
1002,username jaksel udah dari jumat kmrn banjir ini astaghfirullah emoji,happy
228,username karena banyak wilayah yang kena banjir kalo pln ga dimatiin jadi bunuh masal din pada setrum ntar wkwk,happy
362,username padahal ada opsi berdo a biar ga banjir malah doa banjir pas libur ini gua yg ogeb apa gimana sih,angry
850,vcs mamam tu vcs banjir sempak,angry
212,dagdigdug moga gak banjir aja kesi pasien gue di medan emoji emoji emoji,sadness
79,area dampak banjir hari ini south jakarta url,sadness
148,tiap hujan deres malem malem gin langsung ga bisa tidurr ngeri banjir coyy,fear
302,username username goblok tolol emang cuman jakarta doang yg banjir,angry
464,username hampir tiap hari gua mau berangkat kerja bingung masih bilang banjir hari libur iyee tulungin hamba ya allah,sadness
712,bgst kang baja baju gue basah semua lagi banjir malah ngebut ke ciprat emoji,angry
514,username amiin makas yaa smoga rumah kokoh ga banjir emoji,happy
352,kalo memang ini jadi sungguh biadap sekali manusia yg sengaja tutup gorong agar jadi banjir url,angry
877,username coba sebut wkwkwkwkkalo masalah banjir sudah saya sebut ada gubernur yg ngeyel oiya btw pohon monas yg kata di sehat mana itu pohon nila tinggi kalo sampai di jual wah awas ada indikasi korupsi tuh emoji,happy
799,username ngapain juga ke duri sudirman juga banjir wkwkwk,happy
133,mat mat bayar berapa ya lo ini ampe banjir aja harus disyukurin dan bain anies ampe mati gt udh buta bgt sm politik mah gin bgt ya gw sbg yg punya mantu betawi malu bgt liat statement kek gin emoji url,angry
557,username hitung bulan banjir besar jkt tindak y mana pak goblok jgn di pelihara,angry
311,ah banjir ini sebab jatah cuti untuk holiday dan nemenin mama oprasi jantung kurang buat badan gel untuk bpk gubernur tau diri betapa kesal dan lelah raga ini,angry
615,alhamdulillah sampai kantor dari lantai di daerah kuningan pukul url,happy
453,username alhamdulillah di sini aman dr banjir mba,happy
0,depan pom pertamina jl rasuna said kuningan jaksel alhamdulillah aman ga url,happy
316,alhamdulilah banjir di tempat ku bawa berkah yg belum nya musuh jadi baik gotong royong sama,happy
716,username apalagi banjir wkwkw,happy
554,mau ke kampus aja lewat cawang biasa stngh jam ini jam banjir mana mana,sadness
583,serius nanya turut kalian yg paling unggul untuk jadi gubernur lanjut di dki jakarta siapa anies rismaretweet like url,angry
539,untung kemaren ke monas ga banjir alhamdulillah,happy
490,username bangsat wkwkwk baru denger gua ni ukur banjir kaya gin,happy
677,pen nyari banjir yg lokasi pinggir tol ah sekali nyobain motor masuk tol wkwk,happy
172,mager ke rasuna banjir wkwkw url,happy
125,emang sekarang hari libur ndasmu ini hari selasa goblooss banjir tuh mana mana pimpin salah kok masih bela kayak gin gubernur soleh apaann takabur sombong kutuk makan omong sendiri emoji emoji url,angry
826,username yg daerah non banjir aja banjir apa lg dsini wkwk,happy
432,gagal berangkat ngantor jebak banjir di bbrp ruas jalan celana dan sepatu basah url,sadness
559,username kantor banjir juga parah juga ya daerah bekas yang kena banjir banyak take care sistaa moga cepet suruut yaa,sadness
914,ini bener banjir taun wkwkw akhir banjir di daerah gua pas kelas sma,happy
90,minggu kali banjir wajar ga sih kimakk,angry
950,elahh ini brngkt kerja gmana kalo banjir gin,sadness
181,dari gue orok sampe gue gede rumah gua asa gaperanh banjir ini pertama x ny banjir emoji emoji,angry
274,sedih pikir dia yang ngga masuk kerjapengen jenguk tapi takut jebak banjir lagi,fear
906,username sungai di cileungsi lebar bgt masih selow dr banjir wkwkwk v,happy
69,anak siapa ini wkwkwk url,happy
291,mampus direp anu banjir wkwk url,happy
131,bangun tidur check hp rame bgt ngomongin banjir gue si selow aja karena kosan w gak ada tanda banjir eh tau pas otw kantor pesanggarahan banjir dah dalem bgt emoji,sadness
300,kemarin sdngkn banjir paling mending dgn tangan cepat dan rata saat jakarta ada tang pak ahok ini udah bukan bencana alam tolong buka hati dan mata anda pak username username kami capek cara tenaga materil dan mental jgn cm mau kuasa kerja,angry
436,nonton tv liat yg banjir tiba malah mo nangiss,sadness
326,buka tv banjirbuka ig banjirbuka twitter banjirbuka dompet kering,sadness
144,masa banjir lagi emoji emoji emoji,sadness
1011,username username username username username username username username username takut pala kau loe liat derita akibat banjir dan rusak hijau di monas anggar normalisasi sunat dan tdk ada konkrit nyata untuk kerja,angry
589,username username alhamdulillah msh bisa lewat banjir jg ya basah dikit emoji emoji selalu syukur aja di tiap kondisi ngapain jg marah,happy
649,username banjir mas aku ijin ya pisang nya aku taruh kulkas wkkwkwk asli banjir tadi malam ini url,happy
135,balik kata banjir sirat kata anjir atau kalo ga singkat bangs t njir,angry
680,liat anak anak yang libur dan main di genang banjir timbul tanya anak yg perempuan nanti hamil ga ya wkwkkw celoteh bodoh,happy
164,panjang umur untuk para kerja yg hari tembus sampai ke tempat kerja dan sehat selalu untuk para warga yang tekena banjir saya masuk yg ada posisi itu semua emoji emoji,happy
28,waspada banjir di mana hari ini yaa username emoji emoji,happy
576,username langsung jawab banjir hari selasa cok,angry
193,suasana rumah jam pagi yang emoji url,sadness
587,bulan di bal pimpin agama hindu ujan deres ga karuan eh ga banjir dah masa url, 
953,banjir lagi,sadness
169,puji tuhan rumah ga banjir dan akses ke kantor ga banjir dan lancar juga jalan oh tuesday please be good till i m done with youu emoji,happy
501,username username yahh gatau ae kalo banjir udh kek danau rawamangun wkwkwk,happy
140,kerja yang cerdas lah misal kerja apa yang harus kerja belum banjir jadi url jadi sejak dini hari seluruh jajar pemprov kerja di lapang kata anies baswedan soal banjir jakarta hari ini,angry
173,horee banjir alamat bos ga masuk emoji emoji emoji,happy
6,udah ada janji hebring kalideres mangga besar blokm terjang hujan lebat dan jalan banjir ketika sampai lokasi liat jam tepat tunjuk pukul pagi dan suasana lokasi sudah sepi iyaudah lah mau gimana lagi udah jam lewat juga gabisa salahin siapa siapa juga url,angry
650,username karna banjir pkl ku libur wkwk,happy
988,baru aja tadi pagi surut ujan sbentar banjir lagi bgst,angry
73,banjir jakarta kali ini sangat prihatin udah nggak seperti biasa yg nggak pernah banjir aja jadi banjir tahun ini emoji,sadness
692,username alhamdulillah aman kena banjir juga engga kostan lu sendiri gimana aman kan,happy
507,kalau hidup hanya salah dan saling salah jangan tinggal di jakarta pindah saja ke kota lain yang bebas banjir di era pak ahok ketika banjir salah ahok di era pak anis ketika banjir salah anis terus aja begitu jakarta b anjir,angry
238,naik jd gabener demo bersilit silit eh hasil kerja banjir bersilit silit juga azab url,sadness
145,demi selamat mobil yg baru aja keluar dari bengkel grgr banjir pas tahun baru emoji emoji,sadness
802,biasa dari dulu banjir cuma tahun x lah ini banjir surut banjir surut terus udh brp kali wkwk emoji,happy
234,korban banjir be lyke ingin marah lampias tapi ku hanya sendiri di sini ingin ku tunjuk pada siapa saja yang ada bahwa hati kecewa,sadness
220,username energi habis ngurusin banjir dari jam pagi tadi ka emoji,sadness
714,org masih sibuk ngmongin banjir gue udh suruh bahas data anjir emang,angry
667,username wkwk hubung gue diapart agak susah dpt foto hahaha tp itu tol macet banyak motor soal bawah banjir jd pd naik ke tol kalo depan mall gading gausa tanya nenek sudah banjir rumah sebrang gading url,happy
132,yaa tempat gue si aman cuma akses yang susah mana mana banjir emoji,sadness
1003,dohh banjir moloolagi asik nonton drakor crash landing on you episode nii wkwk,happy
422,username wkwk fact checking dulu deh mb ttg jgc dan bgmn mereka ngalirin air mereka cara ilegal ke rumah warga tiap area itu beda beda root cause kenapa bisa banjir ada yg salur air sumbat curah hujan tinggi bgt bahkan karena dapet kirim yang tiga yang nyesek,happy
664,ohh jadi gin rasa izin ga msk gara banjir wkwk,happy
185,abis azan subuh gas poll lagi isi langit jkt udah kayak demo kadrun jilid jilid mau tidur was was begadang terus lemas apes benar tinggal di wilayah pimpin mawas,angry
41,username wkwk tau ahh baru kali ini gw tahun sampe x kena banjir,happy
806,username username rumah ku malah banjir tae wkwk,happy
108,luar negeri virus corona di indonesia banjir ya allah moga kami selalu ada dalam lindung aaminn emoji,sadness
597,username banjir juga di pipi,sadness
56,moga yg kena banjir cepet surut ya,happy
715,username hahah skrng ujan dikit langsung banjir ya wkwk,happy
936,username username di detik video ini donk si mbak presenternya pake nanya ada yg salah dengan kerja banjir udah jilid jilid nggak ada antisipasi malah beli toa masih nanya kek gitu ingin kata kasarr emoji emoji emoji,angry
570,dulu neng banget kalo banjir main banjir banjir kalo sekarang auto gamau wkwk,happy
928,username username username banjir bikin kewalahan korban banjir tinggi debit air variasi dari setinggi mata kaki hingga semata kaki lebih meter gitulah klo salah pilih orang,angry
24,aww gemesh bangeet ini tanggal item juga banjir saking solehnya emoji url,happy
429,nonton tv isi banjirbuka ig isi banjirbuka twitter banjir jugabuka dompet isi kering sekali,sadness
999,username woy trilyun lebih loh dr apbd sedang anggar normalisasi utk antisipasi banjir ciut sampe upil mata tutup t i,angry
538,username gubernur bodoh boro bisa ngatasi banjir onta goblok,angry
888,username banjir dong amelia wkwkwkk,happy
703,username username username emoji apalagi pilih yg dibodohin sampai milih wan banjir jadi gubernur pasti tolol n goblognya sejak lahir n gk pernah dapat didik,angry
937,username pak username stop komen ketika warga kena banjir krn bpk tak rasa barang hanyut amp rusaksegera laku sesuatu supaya tdk banjir lagi serius kerja pak,angry
338,username username username username username banjir kok bulan x ini banjir atau obat emoji hari ini banjir lagi loh dan makin parah btw katulampa juga masih normal ya emoji,happy
51,bulan ini banjir banget alhamdulilah gak ada nyeri yg bikin guling,happy
383,username username tunggu username jd presiden dlu bang banjir dan macet akan bsa d beres hahahahha,happy
522,bodo amat everywhere yg pntg salary udah cair wkwk emoji,happy
931,mau nyalahin username krn banjir xseminggu di jakarta kata ya elu juga buang sampah sembarang lah eh bapak situ udah nyuruh dinas bersih cek regulasi sampah sampe gang kecil blom jangan jalan besar doang emang ngeles paling gampang kerja,angry
755,username username username username bukti efektif dr mana wong banjir jd minggu begini wkwkwk udah ya bro ngga ada lagi argumen solid,happy
264,alhamdulilah banjir hari kerja hikmah libur ngantor amp bs makan siang bareng isteri alhamdulilah ya tolong nanti hbs bln maret l polusi asap ampe libur ngantor lg ya alhamdulilah yaa url,happy
544,awas yang ke an buatt kalian para wanitaa jangan ikut ikut turun banjir nanti kalian bisa hamil,happy
720,ujan banjir tapi w tetep keluar rumah naik krl terus ada bapak bapak yang teriak pas ibu hamil naik formalitas bu sini formalitas maksud prioritas kan ya wkwkwkwk gue ketawa dalem hati yaallah si bapak emoji emoji,happy
922,username waww ak jg banjir lg,happy
395,yg bisa bilang ambil hikmah banjir tu ga pernah ngerasain berangkat kerja busway banyak yg ga operasi yg harus dr halte patra kuningan bs langsung ke bunsen jd harus naik arah puribeta dulu transit tirtayasa naik arah blok m br ganti yg ke arah kota fakyu emoji,angry
593,ya allah gua langsung mual liat berita banjir banyak sampah genang emoji,sadness
655,username wkakak sklh gua kg banjir pdhl,happy
18,username teras kostku ngene emoji emoji emoji kemang kaline banjir url,happy
852,username username jelaas ahok tuh pinter beliau dgn cepat dpt kuasa masalah di dki khusus banjir cepat tanggap gesit ngk seperti anies yg lbh bnyk gaya dan bacot ngk mutu emoji emoji,angry
519,innalillahi jakarta banjir lagi moga nanti ada pimpin jakarta yg rendah hati tak ujub takabur rasa sudah buat banyak stiap kali banjir di jakarta kenapa hanya doa aa gym yang ingat username,sadness
575,emoji emoji status sosmed buka tv banjir buka twitter banjir buka fb banjir buka wa banjir buka dompet kering emoji emoji emoji emoji emoji emoji emoji,sadness
445,username username bacoot warga udah musyawarah sama pihak kembang tapi nggak ada hasil panjang tahun tiap hujan pasti banjirnegosiasi pake otak nggak degar makanya mereka negosiasi pake otot biar bisa sorot kali emang ada yang nggak beres dalam bangun jgc,angry
367,username username ahh klw ahy gub juga bkalan banjir njing,angry
83,username bangka langgan banjir wkwkwkw,happy
61,ujann kosanku takpatenii biar kalo banjir ga liat hahaha emoji url,angry
449,terus klo lw ngejarah gitu bakal kering tuh banjir asu kriminal mendirpng lw demo di balai kota sana gak mikir apa kerja yg pada takut di dalam sana,angry
272,banjir parah tahun ini di jakarta banjir mana dan macet pun mana emoji,happy
285,username alhamdulillah ra banjir,happy
360,username nih org tolol nya asli ga pke boong hujan tuh dr tuhan hendak gmn sih lu jabodetabek banjir lu nyinyir aje mulut sampah,angry
354,buka twitter banjirbuka instagram banjirbuka whatsapp banjirbuka dompet kering emoji emoji emoji,sadness
823,hahaha goblogg gilir banjir ngomel ngomel nyalahir gubernur nyalahir presiden nyalahin orang kaya tapi gilir di suruh buang sampah di tempat bodo amat dasar tolol lu sendiri yang bikin banjir lu yang nyalahin orang gobloogg url,angry
278,depan rumh paksa libur alias ngeliburin diri sendiri wkwkk url,happy
12,anies itu gak pernah janji masalah banjir busa diatasin yg janji tuh jokowi bilang banjir dki bs teratasin kalau dia presiden kok gak nagih jokowi ya mereka url,angry
182,username punya pcx malah kena banjir mulu emoji emoji emoji,sadness
368,ngeliat banjir sekarang ko ngenes ya dari mulai januari entah udah berapakali banjir bukan mau nyinyirin gubernur tapi kaya program nya banyak yg nganu gitu,sadness
876,username eh buzzernya nongol baca berita noh jakarta banjir x dalam bukan wkwkwkwkeh ngomongin hoax bukan gub dki yang tercyduk hoax url bilang kemang tidak banjir eh tau rendam meter emoji,happy
679,alhamdulillah punya rumah yang gak banjir tapi kalo lagi banjir ya gak bisa mana mana juga emoji,happy
223,banjir cukk pars,angry
580,wkwk niat lapor ke group kantor kalo ga bisa brangkat krn banjir eh malah tanya bisa akses email apa ga duh pak aku dr dulu ga suka tuh naro email kantor di hp krn ga mau bawa kerja kalo di luar kantor emoji,happy
708,jadi kalo udah kena banjir ngerasain jalan di banjir terjang banjir di jakarta sudah bisa anggap warga jakarta dong ya wkwkw,happy
685,liat siar tv banjirliat status whatsapp banjirliat stories ig banjirliat status facebook banjirliat timeline twitter banjirpas liat dompet kering ya allah ken nang tapi lupa nada nya emoji emoji,sadness
552,username ga banjir mau ape yang diinput wkwk,happy
591,username di depan rumah banjir kok wkwkw,happy
617,coba lo sebutin kait apa gagas lo apa narasi lo apa karya lo username username tengik bacot lo tau url,angry
176,bulan ini udah kali kasih libur karna banjir wkwkwk emoji,happy
874,username awas sekarang lagi hujan gede selasa bakal banjir ambil hikmah wkwkwkwk,happy
636,buka wa info banjir buka fb banjir buka pintu banjir buka dompet kering syal,sadness
594,username rumah aman alhamdulillah cuma akses jalan nya aja yg pada banjir,happy
456,username ga kena sih tapi kan jd mati lampu dari pagi karna bagi rumah kena banjir,sadness
527,ketika jkt ujan amp banjir dmn order ojol ga dapet transportasi umum jg ga ada syukur bgt msh di kasih sehat masih bisa jalan kaki sampe ke kantor allahumma shoyyiban nafi an ya rabb,happy
393,username jadi lama mnjabat ngapain aja maliih username tiap banjir harus brjibaku sama air sampah blum lagi properti yang rusak mikir ksana kaga si gak usah make narasi basi lagi lah kerja gaji sama tunjang lu itu gede,angry
163,ga bisa kerjaa ujan banjir,sadness
248,username kaga banjir samsek tapi wkwkwk,happy
643,username tinggal kirim foto banjir kemaren aja wkwk,happy
896,baru mau jalan eh banjir rebah lagi dah wkwk url,happy
678,anas anis anas anis lo pada aja buang sampah masih sembarang apalagi emak emaknya yg suka buang limbah rumah tangga ke kali kalo banjir perintah lg yg salah wkwk,happy
375,makasih pak karna banjir aku jadi gak ngantor dan bisa tidur hari luv gubernur jakarta,love
412,td dini hari gua pulang jam pagi karna hujan deres nunggu jam lebih di dpn toko pas nyampe rumah langsung cuci muka trs tidur yekan blm jg menit udah air banjir masuk rumah blm tidur ampe sekarang lanjut nguli ya allah gua simulasi jadi mahasiswa teknik apa gmn sih,sadness
74,jakarta hujan lg untuk sekian kali hari ini kali ini lebih lebat angin dan aku deg degan apakah akan banjir lagi,sadness
113,dan ada brg lain yg basah kena banjir sedih bgt gue wkwk,happy
813,yah udah semangat ngantor malah banjir ga suka ya aku emoji emoji,angry
567,username nda tauu bom liat keluar masih goler wkwk tapi biasa nya ga banjir aamiin,happy
390,username gaada opsi laen wkwk mau balik ke rmh lagi juga udah jebak banjir,happy
104,jam lalu baru aja rabas banjir di boulevard gading dengkul air sampe masuk kabin cm alhamdulillah masih jalan dan gak ada yang aneh sama mesin mobil moga besok ke bengkel gak kenapa napa,happy
114,username hahaha atau attitude org lain woi lari ga jadi kapan neh eh tp klo td lari jatuh renang ya kan banjir wkwwk,happy
417,username wkwkw yg penting kaga banjir anjirr,happy
486,username alhamdulillah pd keluar dan suara lg demen dah lihat gk pd di dlm tempurung terus jd rame kan harus jd presiden dulu gubernur biar gampang ngatasi banjir itu kata pepatah orang dulu emoji,happy
457,username maacii siss alhamdulillah daerah rmhku aman ga banjir,happy
409,nyata banjir yg bilang berkah kok malah bikin banyak susah ya jadi ngulm yg pernah bang seperti ini bener ngulama atau orang mabok url,angry
92,ujan lagi banjir lagi,sadness
1006,ya allah hujan deres banget malam begini luar sana pasti banyak yang tidak tidur nyenyak moga tidak sampai banjir lagi dan lindung mereka semua emoji,sadness
89,kosan dan kantor aman dari banjir hamdulilah,happy
336,username username username username username username kalo tahun di twitter pake akun asli dong buzzerrppemprov emoji gubernur lu udah ngakuin ini banjir lokal bukan kirim bogor emoji koar kenceng biar duit cair boss mayan makan duit rakyat yang banjir emoji,happy
1001,username rumah ente kagak banjir kali ane betawi ane banjir jam malem gendong anak ujan ngungsi di masjid barang no lah segitunye bela junjung,angry
932,serius nanya masbro username sebenernya lu ngapain sih masih jabat di kantor udah ga ada kerja loh ga bosen apa ga ngapain,angry
944,emoji bu sekolah gak nih emoji temen kamu ada yang gak sekolah emoji ada emoji yaudah gak usah sekolah banjir asek asek asek wkwkwk,happy
1004,alhamdulillah sampe rumah juga walau harus terobos hujan deras dan bebarapa jalan yg banyak genang air moga esok pagi tidak banjir aamiin,happy
602,banjir si kaga cuma takut mati listrik aja,fear
620,username ken gitu wkwkwk tapi asik juga main banjir,happy
94,username alhamdulillah smb numpang g banjir mas,happy
11,kok gak nagih ke jokowi kan dia janji dki bebas banjir kalau dia jd presiden udah thn jd presiden kalau anies gak pernah janji cuma usaha biar gak banjir url,angry
396,banjir mulu kapan kerja nya gua bgst,angry
921,sambil nunggu banjir surut buka youtube video tugas jaman majapahit dulu bareng username wkwkwk ngeditnya pake windows movie maker banget bom kenal premiere pro good ol days emoji emoji transport bigpro url via username,happy
43,banjir gais paksa berangkat pulang sampe rumah macem kucing keujanan v url,sadness
42,untung udh netap di semarang ga bayang bokap nyokap yg tiap minggu hrs ke daerah cempaka putih kelapa gading hrs muter otak lewat mana lagi karena sensitif bgt hujan dikit aja banjir se dada orang dewasa emoji,sadness
329,username alhamdulillah gak kena moga um ical juga gak kena banjir kan jadi byk genang masa lalu emoji,happy
167,iya alhamdulillah bahagia itu sederhana bisa napas lega karena tempat lo bebas banjir contoh emoji url,happy
718,kalo di outsourcing pimpin gabisa nanganin banjir itu udah di sp terus putus kontrak wkwkw,happy
887,username met bahagiawlau hrs nerobos banjir wkwkwk,happy
618,stuck semua jakarta masih tetap anies penting formula e dari pada atas banjir apakah ini cara kerja gabener dah bukti url, 
842,bamus betawi berkah karena banjir saat liburanngomong sama ondel ondel luhari ini macet domana mana karena banjir di hari kerja jilat lu url,angry
100,ken deh ngerasain banjir wkwk ga deng boong,happy
426,banjir yang makin luas ini betul adalah output dari cara kerja yang gak punya prioritas hal yang penting abai hal yang gak penting malah biaya jorjoran duit rakyat habis guna gak jelas,angry
178,keri ini banjir jakarta,fear
444,lantai cuma masuk orang sisa pada kerja rumah karna banjir mobil pabrik gk bisa nembus kantor alhasil produk gak ready jadi hari ini ngapain ya gue ngantor,sadness
416,meeting hari ini di kemang semua dateng telat karena akses ke kemang cuma bisa lewat pejaten emoji emoji emoji emoji emoji luarr biasaa nyari akses jalan yang gak banjir sama bapak ojol muter muter emoji,happy
656,username hahahhahahaha gw aja td mau lewat trowongan banjir parkir nya aja lelep ini tadi,happy
893,kasi punya sodara yang tinggal dijakarta ngeluh banjir bae wkwkwk,happy
973,alhamdulilah banjir mudah awet hujan,happy
693,username username username kerja bego banjir mulu nyusahin tolol,angry
621,username username dr jaman dulu pulomas itu selalu banjir kalo ujan gede dongok,angry
257,username bisa gak gua hubung buat bantu resin rumah gua yang kerendem banjir cape nih nj nk username,angry
335,username username username username username username buzzerrppemprov tau apasih mending diem kan udah enak makan duit korban banjir emoji,happy
15,akhir ngerasain susah mau ngantor karena jalan tuju kemang banjir semua alhamdulillah tadi bisa lewat kemvil dan diijinin keluar dari situ,happy
638,username amaann kalo anda rumah gua banjir nanti terminal rambutan malah jadi laut rambutan wkwkwkkw,happy
324,username username goblog permanent yg punya ide nuangin tulis banjir bawa berkah ke alat aga demo url,fear
846,trimakasehh bapak gubernur anies baswedan kami warga jekardahh dapat kolam renang gratis tis tis tarik napas panjang senyum elus dada sambil bisik anjingg url,angry
222,egila deh ngerasa gak sih semenjak got ditutupin jadi sering banjir kenape sih wooy aneh bgt gotnye di cor emang mention kemane nih yang enak berakk,angry
179,hahahahaha ini kenapa bener bgt kok banjir jilid jilid url,happy
996,ya allah moga nanti daerah rumah saya cempaka putih nggak kena banjir besar seperti kemarin lagi emoji dari saya yang dadak anxious parah karena hujan deras,happy
521,username wkwkwk harus normalisasi sungai di otak ku malah kluarnya banjir emoji,happy
22,username listrik matek mbak putus pln kemang banjir laah aku ora iso nyuci,sadness
356,suka sebel aja sama orang yang teriak teriak banjir mulu kalo emang kaga mau kena banjir ya lu pergi dah pada dari mari,angry
675,selasa februari buat kalian yang hari ini pkl kalian hebat emoji saya juga masuk pkl soal wkwk bela in masuk pkl lewat jalan yg banjir dan macet karena byk jln yg dittp emoji tapi seru juga nyata wkwk gerimis jalan sepatu basah rok bawah basah juga wkwk,happy
872,alhamdulillah banjir gaiss,happy
340,padahal tidur tadi malem jam jebak banjir nyampe kost an tidur jam sampe jam awowkwk enak itu woi emoji,happy
431,buka twitter isi banjir buka snapgram isi banjir buka dompet kok kering,sadness
558,username kalo banjir amanklo yg hamil di kolam renang emoji emoji,happy
844,username username banjir dong wkwkkw,happy
203,cuma bagibagiin roti ini buat yang kena banjir deket rumah biar ga pada masuk angin kasi banjir terus emoji url,sadness
657,username username alhamdullilah bawa motor hari ini tp banjir juga naik motor hehehe,happy
93,di jkt sekarang udh ga tinggi lagi tapi sering emoji,happy
847,innalillahi musibah banjir jadi sedih,sadness
68,ujan awet dan deres banget moga gak pada banjir deh yaa kesi mulai senin dengan banjir,sadness
631,moga rmh hamba gabanjir ya allah karna kalo sampe banjir arti jakarta udah jadi laut pasti wkwk,happy
284,hari lalu banjir kemaren surut hari ini banjir lagi,sadness
911,rumah nya banjir gubernur yg di salahin padahal ga persen salah dia bego kalian yg ga bs jaga lingkung nyampah mana lebih gede presentasi ga reflect sm kalakuan tolol sndiri,angry
434,ada yang tempat nya ga banjir dan bisa di tumpangin buat numpang mandi daerah jakarta timur hehehee,happy
153,level banjir nya jakarta udah kacau bgt sampe rumah sakit rscm dalem nya banjir emoji,angry
75,tiap hujan sll degan apakah aku hrs beli truk url,sadness
740,hari ini jakarta landa banjir perempuan jangan mana mana nanti hamil kalo banjir banjir wkwkwk,happy
446,semua bahas banjir dompet doang yang kering,sadness
188,lihat banjir malam makin sadar di jakarta nyata ada gubernur paling tolol yg pernah ada,angry
271,bacod bilang aja gamau komen banjir krn gubernur anies url,angry
236,percuma buang sampah pada tempat jakarta akan tetap banjir wong banyak sampah masyarakat serak,sadness
487,buka ig banjirbuka fb banjirbuka twitter banjirbuka wa jg bajireee gilir buka dompet kering emoji,sadness
117,username ya emang edit biar ala banjir di jepang kata air ga coklat,sadness
829,username username mm arti ya semua gubernur dari jaman jajah sampai sekarang tidak ada niat ya ngurus banjir toh kalo mereka niat ga akan banjir wkwkwkkww kita kritik yang adil ya,happy
512,username moga jgn banjir deh amin,happy
974,username username goblok tolol banjir itu bukan di jakarta aja mana kok eloh nyalahin username aja gk koarin banjir di surabaya misal jelas banget benci loh,angry
947,username kann bener kata gue ujan deres banget banjir lagi wkwkwkwk,happy
126,lekas air masuk ke tanah banjir mana emoji,sadness
116,jam gin masih hujan deras bikin khawatir banjir maneh,sadness
473,username sbgai bkn sosiolog dapat anda kok cukup buat sy ikut goblok paling tdk kurang banjir dg program yg di jalan oleh dahulu ini mlh dmn jd banjir ya ga slh sy bilang gubernur ter goblok punya anggar buat apa f t kejar profit m emang goblok,angry
919,wkwkwkw rumah w di kampung umur baru kali ini banjir masuk rumah gara resap aer sekarang jadi rumah semua emoji url,happy
57,sedih liat itu udh banjir kaya gitu sampah banyak bgt url,sadness
745,ujan deres banjir wajar tapi kalo titik yang biasa ga banjir jadi banjir arti tolol tuju sih kalo nobat gubernur paling tolol inovasi tapi kalo ga dukung problem solving ya tolol tolol,angry
923,username wong bungul ples ngak waras pasti nge tweet nya tofa lemon uda tau jelas tiap hujan sebentar jakarta banjir mulai januari sampe hari inieh masih picek mata dan picek hati bela dajjal usak jakarta,angry
369,username bagi orang waras simpan info ini buat mengcounter cebong cebong tolol yang berisik soal banjir di username dan serang pak username waspada bacot username username username username,angry
268,warga jakarta sudah frustasi akibat ketidakbecusan pemda dki sudah bela anies dengan dungu yang natural banjir bilang berkah syukur banjir cuma hari libur atau dungu dungu jenis bela itu malah buat orang muak sama junjung,angry
46,jkt banjir ini udah ujan lagi takut rumah ujan emoji,sadness
349,username username username itu lu yg buang sampah sembarang anjir gilir banjir lempar ke perintah sama kayak lu berak masa perintah yg mau cebokin sama siram tai lu kaca diri dulu aja,angry
195,bru kli ini plg maen ujanan lawan banjir ampe motor mogok emoji emoji makasih buat abang yg td bntu ngangkt motor dan ngidupin lg motor guaa smoga kbaikannya di bls sm allah swt aamiin,happy
1012,bismillah jakarta yang banjircinta ku yang hanyut,happy
845,username username malah dana buat banjir di kebiri wkwk,happy
746,ok saya akan buat trotoar di bilang kemang supaya orang bisa honeymoon di kemang ya kalo kemang banjir jg buat apa tolol,angry
263,surut air nya plis jgn banjir lagi kasi sendal emoji,sadness
443,akhir isi kegabutan dengan nonton drakor untuk jakarta moga hari ini gak hujan lagi yah kesi temen sana yang rumah rawan banjir,sadness
684,kenapa banjir kenapa pake acara mewek wkwkwkwk,happy
304,username dan tiba batal dengan alasn para narasumber halang banjir wakakakkakaa,happy
341,gue pas kemaren januari banjir sempet iseng mikir ini username kaga ada niat beli tronton biar tetep bisa ngeladenin tumpang wkwk url,happy
774,username alhamdulillah aman jalan mabes kan emang banjir mulu soal itu cekung,happy
979,subuh bangun bukan sholat gue mah gara banjir peler wkwk,happy
149,nyata parah bener banjir di jakarta kali ini syukur di bintaro sekitar gak banjir url,happy
124,males keluar ngeri banjir,sadness
796,iya yang banjir bukan jakarta doang kok wkwk bekas sekitar juga banjir,happy
833,langsung jawab sama tuhan kalau lo itu gila hari selasa banjir wkwkwkwkwkwk url,happy
50,liat orang pada post video banjir semua di jkt untung ciputat aman,sadness
353,buka tv isi banjirbuka wa isi banjirbuka ig isi banjirgiliran buka dompetett kering benerr emoji emoji,sadness
938,username akhir alloh kasih ujan dan banjir di hari kerja jg kan buat sangkal teori asal si engkong bamus ini kagak kesi sama warga yg udh banjir jilid jilid lu nkong emoji emoji emoji,angry
142,paling kicep sama musim hujan dan banjir,sadness
470,smg yg rumah dampak banjir beri sabar yg luas aamiin,happy
399,username username username banjir dan macet akan mudah atas jika anis jadi presiden no debat,angry
634,nonton tv banjir buka wa banjir buka ig banjir gilir buka dompet kering emoji emoji,sadness
320,ada yang update hmm cikarang banjir tapi tetep gedek sama gabener jakarta lah itu mah emang lo benci aja goblo,angry
19,kostku kebanjiaran nggak bisa ke mana mana dari pagi sampai jam gin mantengin twitter soal mulai dari prihatin sampai ketawa pasrah eh jangan jangan nanti gubernur dki pikir warga tetap santuy kok ngadepin banjir hadeuuh url,sadness
820,username username username username alhamdulillah cepet pindah sono biar jakarta gk sumpek lg sama orang jenis url orang jakarta asli sngt syukur dng kota gw dng segala konsekwensinya calon ibukota baru skrng blm ditempatin sj sdh banjir maluu deh,happy
800,username di bni emang ada atur banjir terus libur gt wkwkwkw,happy
819,yg sabar ya saudara yg kena banjir emoji emoji stay safe dalam lindung tuhan semua,sadness
407,sekarang bilang banjir krn air lokal dulu saat kampanye air harus masuk ke tanah sesuai sunahtullah apa air dan sunahtullah lagi ngambeg sehingga ngga tegur lucu juga nih gubernur si lidah pahit url url,angry
537,username pasang tai ini ngurus banjir aja memble tai loe nis,angry
629,pusing bgt mau balik malah banjir emoji,sadness
38,moga gak banjir,sadness
175,sekarang selasa masih aja banjir url,angry
245,jakarta kepung banjir entah sampai kapan dulu masa pak ahok jadi gubernur banjir jakarta tidak parah ini,angry
863,tv one mau framing tunjuk bahwa banjir kanal timur ga bantu tetap banjir saat ini eh goblok banjir kanal timur itu hanya salah satu cara untuk kurang banjir jika seluruh banjir kanal terus bangun hari ini tahun ini jakarta aman otak pakai,angry
781,username username boong mah wkwk orang krn banjir k jadi mles skull haha,happy
764,salah jokowi gagal nepatin janji resin banjir saat jadi presiden salah ahok kaga bisa jaga mulut akhir program dia beranta salah anis kaga becus kerja deh tuh semua kena damprat yak kaga pake pilih kasih kalo mao kritik,angry
869,username username tukang cendol juga tau pak ada banjir ngomongnya sambil senyum leceh banget bangsat,angry
154,untuk para wanita hati hati jangan banjir an bareng laki nanti bisa hamil,happy
287,di himbau untuk cewek cewek di jakarta jangan keluar rumah dulu takut pas nerobos banjir tiba tiba hamil emoji emoji username username username url,happy
611,username username username yang udah jadi presiden plus yg gantiin pake normalisasi juga kaga ada efek nya blass sekarang tetep banjir goblok pupuk,angry
569,banjir hari libur karena gubernur soleh nih orang yang ngomong lagi halusinasi atau mabook hai narasumber kalau ngomong agak ilmiah kek dikit malu tonton juta rakyat hadeuuh url,angry
753,wkwkk jakarta banjirr emoji url,happy
17,username suruh tetep ngantor krn kntr ga banjir kecuali rumah banjir derita nya klo jebak macet dan banjir otw kntr,sadness
127,td dini hari banjir lagi ini baru surut total x banjir alhamdulillah,happy
322,buka tv banjirbuka wa banjirbuka twitter banjirpas buka dompet kering ya allah coba apa lg ini,sadness
255,username yg jelas banjir karena air ya zon pinter lu zon coba kalau gak ada air kan gak banjir pada bego ya zon,sadness
666,juang sekali gw tuju kantor banjir dan jalan tutup macet gila belum lagi dalam jalan gw lihat ada celaka motor nyungsep gegara masuk lobang bener bangsat,angry
977,banjir tanggal kemarin baut ajar jadi belum air masuk rumah udah angkat angkatin semua wkwkwk,angry
190,username username rumah gua biasanye banjir cuma depan doang eh ini masuk sampe dengkul dan ini gua jadi blom tidur emoji emoji,sadness
115,username klsnya lantai mana mungkin kena banjir,sadness
625,username driver kl hujan juga pasti neduh jarang yg aktif apalagi mana mana banjir,sadness
606,pada sok iya ih najis kalo banjir gin di twitter gblk,angry
180,rumah gua banjir anjer emoji,sadness
301,username username lucu warga kaya lo cuma bs nyalahin wkwkwk contoh warga bekas lahh kena banjir mana ada nyalahin gubernur atau walikota nya lo tuh dengki udh kesumat,happy
990,username masih bang siaga banjir wkwkw,happy
722,dulu aja kalo banjir yg salah gubernur krn kafir jadi azab gilir sekarang ujan deres dikit banjir pada romantisme sejarah semua kalo jakarta ya dari dulu emang banjir terus wkwk suka lucu emang,happy
828,username ini diskriminasi kenapa cuma sekolah katolik yg banjir hah,angry
694,banjir lagi banjir mulu banjir teroossengkong kumis ini bom tau rasa dirukyah onlen sm netizen wkwkwk url,happy
670,yaallah ngegrab ke rumah sampe rb emoji efek banjir,sadness
517,bukti kalau gubernur ibukota gak bisa kerja banjir terus terus banjir payaahh emoji,angry
997,jadi tiap saat banjir anjing,angry
45,saat ini sih rumah akses jalan kantor belum banjir ya tapi ngeliat temen kantor pd izin karna kena jebak banjir rasa ingin latah emoji,happy
920,blm kelar capek bersihin rmh akibat banjir yg hr minggu eh hr selasa banjir lg emoji emoji url,sadness
157,td pagi pintu air katulampa udah siaga debit air nya naik cm dan tambah malam ini hujan nya begini banjir ya pasti stay safe awas hati kabel listrik di dalem rumah,fear
754,username ngk gak banjir tmptku soal wkwkw,happy
171,username banjir nya jilid jilid kaya demo emoji,happy
16,username ini cara saya hindar banjir dan macet dari cibubur ke south quarter dome terimakasih google maps url,happy
511,username banjir wkwk,happy
48,alhamdulillah perata air banjir emoji url,happy
984,bom kering kasur yg kemarin eh sudah dateng banjir lg alhamdulillah,happy
851,untuk semua kerja yang susah berangkat kerja hari ini karena mana mana banjir pokok lu semua enjoyy mending pulang lagi aja dah keluarga tunggu rumah,happy
515,username wkwk renang di kolam banjir ya,happy
695,rumah priuk ga banjir rumah bekas diinfoin tetangga lelep wkwkwkwkkw,happy
480,username kosan ku banjir,sadness
283,username padahal si jaenudin udah periode jadi presiden kok masih banjir aja wkwkwkwkwkkw,happy
728,yang di jakarta staysafe yajauhin listrik duludi utara alhamdulillah gak banjir cuma daerah gading doang,happy
777,berkah work from home wkwk url,happy
225,innalillahi wa inna ilaihi raji un turut berdukapemotor itu laju kencang lawan banjir tapi nyata ada lubang yang samar air motor itu tewas url,sadness
26,username username username username o tentu tidak kosanku bebas banjir jauh ini emoji,happy
792,username banjir dengkul momtapi rumah aku ga masuk sih hehegabisa masuk kerja deh emoji udah kaya lagi camping mom wkwkwk karena rumah lagi ribet jadi gabisa ngituin kompor gas untung ada kompor kecil ini url,happy
437,kerja dalam pananggulangan banjir mana dull laku evakuasi saat bencana itu keharusanpilkada habisin duit rakyat banyak tp hasil dpt gabener macam ini sungguh terlalu entah salah apa jakarta kok punya pimpin macam ini url,angry
962,pagi ini bangun ga ngerasain banjir hal besar yg bisa ku syukur hari ini thank you jesus emoji,happy
364,dulu kalo masalah mobil tinggal bilang ayah mobil ini itu blabla sekarang barusan gw dongkrang ban belakang sendiri pukul tromol roda belakang yang karat kena banjir asuu,angry
229,username wkwkwk p banjir din,happy
37,astagfirullah kelapa gading banjir lagi url,sadness
978,username ulujami jaksel bangbot wkwk,happy
374,username username username username banjir drun gk usah lebar mana sini bantuin warga dki dr pada ngebacot,sadness
469,akibat pimpin yg hanya bisa bacot doang dlm musibah banjir tidak bisa cari nafkah barang rusak n rumah anak tidak sekolah lapar ulang kena banjir singgung asa atas statemennya slama banjir dst,angry
980,apa guna bkt kalo tetep banjir bgst,angry
861,aduh jakarta landa hujan gede lagi moga daerah banjir tidak luas amin,happy
713,udah gila tiap hujan deres dikit sekarang gw panik banjir gak pernah begini belum mau maraahh emoji emoji emoji emoji emoji emoji emoji emoji,angry
752,username kait mana ya antara banjir dengan kuota wkwkwk,happy
194,yaampun rumah gue banjir woy hahaha udah sebet for the first time in forever hahahaha,happy
865,username username username aowkwokwok kerja di kampung aja sih enak ga banjir,happy
961,username wkwkwkkwkwkw rumah lu banjir yaakk wkwkwkwkwkwkwkwkwkwkwkwkwkwkwkkwkw,happy
503,udah lama kan gak banjir an wkwkwk url,happy
982,gubernur oon sumpah kayak baru tinggal di jakarta gue hujan gin aja udah banjir url,angry
841,wkwk dg gub ahok bisa banjir di tangan dg cepat dg gabener dah ampun nyiyir banjir di mult bang url,happy
579,username aamiin moga dapet yaa tiket nonton abix nya wkwkiyaa banjir jalan susah jalan,happy
981,mundur dah mundur gak bisa nanganin banjir bgst,angry
162,itu logika bodoh yg amat bodoh klo sejarah jakarta itu rawa dan banjir adalah takdir apakabar dengan belanda yg negara di awah muka laut banjir tidak sama dengan takdir bodoh jangan lewat lah,angry
711,alhamdulilah si priok anti banjir banjir club,happy
152,username daerah lain banjir dan longsor yg salah juga anies bener syaraf panas tuh,angry
834,alhamdulillah sampe kantor dmana banjir n macet ati yg msh di jln yahh take care,happy
832,username tuju gue nanti umum libur karna akses ke kantor banjir billy moon banjir tp rumah tydac trus belum mandi skrg wkwk,happy
765,alhamdulillah libur karena banjir,happy
111,username kahans stay daerah mana sama kak aku jg kena banjir di utkay jam subuh ktnya air masuk untung ak pas nginep d tempat ka nina dan br liat kmrn sore kosanku yaampunn sedihh bgt gue baru pindah jkt januari lsg kena banjir semangat kak,sadness
226,alhamdulillah bukan korban banjir tapi korban tutup akses jalan gara banjir,happy
697,username username username username username username tiap kali lihat banjir kok ingat hamil akibat renang emoji,happy
103,toa mana toaa woyy username tiap hujan banjir terussolusi mana gak butuh rangkai kata sini,angry
421,dulu banjir tahun skrg banjir bulan minggu bahkan hari wkwkwk prestasi iman ya,happy
419,stay safe buat temen temen yang kena banjir lagi tetep semangat walaupun ini berat pasti,sadness
760,euforia banjir sangat asa sekali di hari kerja banyak yang puter balik ke kosan atau rumah masing masing alhamdulillah allah kasih tolong tiba finally nyampe kantor walaupun harus lambat emoji,happy
586,sumpah baru kali ini jakarta dari awal tahun sampe hari ini udah x banjir itu gobernor pilih umat ngapain aja sih mentingin balap drpd resin banjir jancuk,angry
790,username kali ini sih yg gw gak paham oke yg belum itu curah hujan di luar biasa tp ini hujan biasa udh ulang dan ulang juga banjir kan tolol,angry
672,dulu pas masih kerja di kelapa gading kalo udah musim hujan gin rasa ken punya helikopter aja bawa motor kena ujan kena banjir kena macet mau nang terus bawaanya hahaha,happy
119,jakarta mulai siaga banjir dari semalem ujan deres,sadness
53,username banjir datang bulan woy tapi gapapa aku kasih hastag,sadness
151,mantul gak tuh lama tahun hidup baru kali ini gua terjang banjir kayak gin emoji url,sadness
403,username justru hari minggu orang butuh istirahat ini org malah pada sibuk kerja ngurusin banjir emoji emoji emoji bgst,angry
956,rem banget banjir emoji,fear
207,puji tuhan wilayah kos aman gak nak banjir yg jd masalah itu akses kantor banjir emoji,happy
658,mau unbk malah banjir jncok,angry
854,username cy mh mesakke tp ngakak bayangke koe terobos banjir mlaku nggo payung mbe ngangkat tas wkwkwk sorry,happy
870,username username karena turut username yg ngeluh soal banjir hanya dukung ahok sedang warga yg lain gak ngeluh wkwkwkkw soal takut ngeluh ntar di bilang kafir wkwkkwwkw,happy
8,karena beberapa akses jalan kantor tutup banjir jadi aku sini makan sama mbak url,happy
954,username wkwk kata ada toa anti banjir emoji,happy
36,ayo mas joko janji nya ditepatin kata banjir jakarta akan teratasin jika jd presiden url,angry
452,username wkokwokw renang di banjir pulang dimarahin emak v,happy
651,biasa nih kalo udah banjir mana gin yang disalahin mah pasti gubernur wkwkwkwkw,happy
253,nonton tv banjirbuka wa banjirbuka ig banjirbuka fb juga banjirgiliran buka dompet kering,sadness
303,username pasca banjir januari kemarin perkara rumah tangga kami belum kelar kondisi finansial makin hancur bencana butuh beberapa bulan untuk recovery itu kalau tidak ada bencana lagi di bulan lanjut takdir tuhan yg atur tapi operasional manusia bisa ikut campur,sadness
756,berangkat keujanan masalah di kantor nyerempet pajero hampir nabrak org pulang keujanan nyari jalan kaga kena banjir today was a good day gak kaget klo ada begini wkwkwk,happy
571,tipe bapak bajing kalo ngomong enteng bener ga saring dulu pala otak kau banjir di hari libur berkat doa anies pula gilak kau ya url,angry
623,username bodoh boleh dumgu jangan era gubernjr sekarang yang goblok rang dana banjir pasu orange rang makan tuh banjir trus nyalain gub belum situ sehat awal di meganh ada banjir tahun ini dia ngapain kalo gak lanjut ya jadi banjir kan,angry
902,username alhamdulillah masih banjir baru semata kaki,happy
789,jakarta banjir ada yg bilang suruh bikin rute bootway rute busway gabisa dipake bener jg sihh wkwkwkk emoji emoji,happy
262,username alhamdulilah wahh enak sana mah kga ada banjir emoji emoji,happy
610,ini udah kali tiga gangsa dua rendam banjir kenapa jadi sering banget sih banjir kayak begini ya memang curah hujan lagi tinggi tapi gimana cara segera cari solusi bukan dibiarin begini aja we need ahok back url,angry
297,bodo amat deh lain kali klo ada banjir gw tetep masuk aja mau setinggi lutut kek atau dada kek bodo amat bodo amat klo sampe gabisa pulang gara ke kantor boodoo amaatt daripada gw gasalah malah disalahin tamuu bodo amaat dahh emoji emoji emoji emoji emoji url,angry
414,username palalu mikir pke pantat kemayora hr banjir,angry
150,guwe kemarin dari malem jam sampe subuh jam pagi di polda metro jaya trus kita lari ke rs polri kramat jati ampe jam ama serse diskrimum aja kita takut nak banjir krn ujan sejak malem tapi puji tuhan kmrn kramat jati ga banjir,happy
798,username assalamualaikum babeh saya cuma mau nagih janji yang bilang banjir mudah atas kalau jadi presidenitu masuk yang sarap atau waras ya emoji,happy
640,alhamdulilah aku ga kena banjir,happy
900,username di tempat saya aman lama hujan blm pernah banjir alhamdulillah cakung jakarta timur,happy
550,di riau dulu sering libur sekolah karena asap jakarta nyata juga ada tambah libur sekolah karena banjir wkwkwk,happy
801,asik banjir lagi pertama rabu januari dua sabtu februari tiga minggu februari empat selasa februari oh udah x banjir besar nyata wkwkwk,happy
488,username jgn pas banjir juga dib wkwk,happy
710,wkwk awal minggu ini mau balik jakarta ngeliat kondisi banjir gitu jadi agak males yauda maret aja lah ntar balik nanggung masih pw juga di rumah,happy
147,foto lucu banjir dong sama meme gubernur ken ketawa nih,happy
146,besok alamat banjir lagi jakarta,happy
730,cabut dong ga ikut simulasi wkwkwk url,happy
942,asikasik sekolah jangan ni mau main banjir wkwk emoji emoji url,happy
749,terus mingdep udah kuliah kalo banjir terus gimana lho ini emoji emoji,sadness
659,tidak salah kan perintah tapi harus perintah lebih peduli dengan lingkung contoh kecil aja deh gk usah muluk sungai sekitar area jakarta rajin keruk biar sungai gk dangkal biar nampung volume air yg lebih besar username,angry
348,username kenapa manusia banyak itu gaada inisiatif buat gotong royong yg bikin bajir kalian kalian juga bikin rumah buang sampah sembarang trus gilir banjir main salah salah pantek kalian pukimak,angry
463,lo gubernur apa siar berita pak username tiap banjir muncul ngabarin ngasih tips bukan belum banjir benerin kali selokan mampet tambah ruang hijau dan tambahin pasu orange kagak becus lu url,angry
325,gak pake ada banjir dan ganggu aja kadang kadang jadwal krl udah bikin darting wkwkwk ini lagi ada begini,happy
186,karna cape abis nyuci dan bersih sisa banjir akhir istirahat bentar dan skrg ngantuk dan mager aduuh belum mandi,sadness
123,username username hhh sdh tau goblok knp ditanggapin bang jakartakan emang daerah banjir dr dulunya hanya org dungu yg gak paham,angry
864,username ya ampun apa mr gabener ggk tahu di utara jkt itu jadi turun tanah sekian centimeter per tahun arti air laut nya makin lama makin tinggi jadi solusi banjir jkt adalah dgn no solusi cukup bacot doank jelas knp bisa jadi banjir emoji tahun yg sia sia,angry
608,username kerja dong terjang banjir pagi wkwk,happy
143,sedih ga si liat kali banjir dan penuh sampah minggu kemarin lari pagi dari kbn manggis ke emerald bintaro beli aqua botol dan pas abis bingung nyari tempat sampah fakta panjang jalan emang ga ada tempat sampah tumpu sampah emang ada tapi itu bukan tempat sampah url,sadness
971,capek woy banjir mulu ah gila aja,sadness
197,gubenur bodoh ini mah kenapa doa malah untuk milih hari apa banjir bukan minta jangan banjir url,angry
609,mantep mantep x cenah kena banjir wkwkwk url,happy
279,username alhamdulillah rumah saya tidak banjir,happy
293,dapat kirim dari teman amp bbrp warga hari ini yg sbr amp tetap waspada segera hubungin nmr tanggap darurat bencana yg sdh di info perintah tempat emoji bismillah banjir amp musibah lain ny cpt selesai emoji url,happy
400,para curut langsung bebusa nih ngomongin banjir nyarin aja lagi gua liatin ntar juga gue colek pake ujung golok url,angry
122,username banjir kek kali kali wkekek,happy
183,banjir lagi emoji emoji emoji url,sadness
202,ketika akses pada kena harus cari jalan alternatif buat ke kantor mangatt,happy
438,banjir nyalahin perintah banjir nyalahin mall awokwok banjir itu musibah woi,happy
246,username username lah gimana warga dki gak rewel normalisasi sungai dan kali henti pompa drainase gak cek tiap bulan dana apbd banjir jkt rang mula m jadi m dan pasu orange biru pun rang sama gubernur sekarang balas nih ken tau,angry
415,banjir berkah ndase hujan yang berkah bukan banjir url,angry
786,lagi semangat nya kerja ngejar pending baru juga mau jalan ehh dapet kabar kalo kantor diliburin karna emoji emoji yasudahlah molor lagi kane nih wkwkw url,happy
933,oh tuhan emoji emoji emoji banjir lagi aja emoji emoji emoji,sadness
917,woii ini siapa yang dari kemarin doa minta ujan jakarta jadi banjir nih cokk,angry
778,username username icha mana iya banjir cha gimana dong nunggu surut aja wkwk,happy
898,moga yang banjir segera surut dan bersih lagi heuheu semangat semua alhamdulillah aku gak kena banjir tapi kemaren iya url,happy
129,username username masalah banjir juga ngga imbang mas pikir ga lelah orang yang ngepel lumpur kali dalam bulan akhir padahal sudah tahun ga pernah banjir di jakarta apbd besar pernah asa urus ya wajar marah luar biasa sekarang ohya mereka orang biasa juga,angry
637,cibubur kesirem ujan terus takut banjir saya alias sungai udh pd tinggi air,sadness
402,syukur punya ayah yg udh tau rumah ini sering banjir jd udh di design se nyaman mungkin buat ngadepin banjir me luv ayah bgt huhu emoji,love
951,username hampi dket dan kasus banjir nya sama,sadness
780,username username alhamadulillah depan rumah daerah rawabadak jakarta utara ama gak banjir emoji url,happy
735,username dan banjir memlumpuhkan jakarta di hari selasa maka sempurna tolol itu f ck,angry
924,username username username kalo aku jadi presiden username tak jendul no sampe pinter kuwi endas se aniesben waras pinter ngurusin banjir jakarta sudah bulan ini lelep gak becuss,angry
219,username gue bangun jam gara banjir doang,sadness
641,gue sering lewat sini nih ngeri juga kalo banjir wkwkwk untung hari ini gue ngak masuk adohh url,happy
926,utk pertama kali di mau kesel sama banjir jakarta gue nerjang banjir di senen pintu masuk rspad gatot soebroto setinggi ban plat nomer mobil depan copot anj kesel dah bikin pr aje,angry
762,username username ashiapp sarjana terobos banjir wkwkkw,happy
817,username bang kasi tau sekrang hari selasa dan mana mana banjir,sadness
930,username kalau antar instansi saja sudah tidak ada sinergi gimana bisa bener atas banjir di dki ujung nya saling cari kambing atau onta hitam,angry
624,buka semua medsos banjir yang kering cuma dompet aja,sadness
849,username parkir banjir wkwkw,happy
770,username username alhamdulillah berkat doa gubernur sholeh banjir selasa pun ubah jadi hari libur,happy
386,username username hahaha gw ken liat dia tandu krn banjir,happy
985,subuh di awal dngn banjir awowkwowkowk,happy
509,alhamdhulillah hari ini depok gak url,happy
267,username lo kalua uda kemarin awal banjir kemane lo sekarang jakarta lumpuh baru bahasa lo izin bekerjagubernur gagal,angry
830,untuk ke kali gw syukur rumah di kampung alhamdulillah rumah gw gak kena banjir lama ini ken punya rumah di tengah kota dan skrg gw syukur bisa nikmat hujan tanpa khawatir untuk kalian yg kena banjir hati dan sabar ya emoji url,happy
441,ya allah mana jakartaohjakarta,sadness
496,baik bener punya bos hari ini suruh gausa masuk dlu karna banjir wkwk,happy
112,barang gw rusak saat banjir ada tv kompor listrik kipas buku tabung deposito pasport yg baru gw panjang di bal kmrn kosan gw br ditempatin per feb kmrn di tgh itu gw dinas mgu ke luar kota jadi mgkn hny sktr mgu kurang gw di kosan itu syukur ajaah,sadness
691,username hari ini selasa hari kerjaa banjir lagee mana doa codot bacot goblok,angry
232,ada yg punya data ngga ya zaman ahok gubernur curah hujan gmn seinget gw mah ngga ada yg ekstrim sekali ada trus banjir jg makanya twitnya joko anwar viral soal ini wkwkwk,happy
880,salah satu hal yg bisa syukur dari ini adalah telat masuk kantor jadi hal biasa buat karyawan wkwk,happy
607,username username yoi wkwk gua dari brojol dijkt juga udeh banjir makanya gua bilang banjir sama era nya beda anies ada di era mana sosial media sudah buka tapi fikiran bagi rakyat masih tutup dangkal makanya orang betawi selalu bilang kalo gak suka jkt balik kampung,happy
671,username gabener username goblok tahun lu sia kan buat siap hadapin banjir murni kaga becus kerja dan goblok,angry
373,bahagia itu sederhana ya ketika banjir bawa happy url,happy
994,saking jomblonya ayam pun d sikat kwkwkwk jadi kalo besok ada ayam tanduk dan jenggot kalian tau siapa bapak kan kwwkkwk url,happy
853,untuk yang bilang stop blaming anyone kontol,angry
233,tahun baru komplek gue banjir air masuk rumah bawah hari ini kering kerontang jalan apa yg lebih parah ngopi dulu bang wkwkwkwkwk url,happy
808,username sekitar walang lumayan ada yg banjir cuma di komplek gua alhamdulullah masih aman akses doang mana mana banjir,happy
676,banjir beb gabisa ngantor wkwkwk,happy
317,username username ini hari senin ya eh tapi kalau banjir libur ya ya benee juga sih banjir jadi saat hari libur saja hahahahaha,happy
648,gokil ini gojek grab gaada yg bisa ngambil banjir mana tott,angry
410,username tadi otw kena banjir kak wkwk,happy
909,renti sebentarr kekk ujanyaa kasi yang rumah nyaa banjir dari kemarin banjir muluu gatega,sadness
709,username banjir luar yas ga masuk rumah alhamdulillah,happy
358,apartemen aku di gading udah banjir masuk lobby huhu mau kesana mau main air tapi masih ulang di sekolah hiks,sadness
258,username username username username ada noh kmrn yg blg bang klo jkt untung pny gub yg sholeh cm di hr libur makan tuh sholeh hr selasa nih skrg si gobl k lupa klo bencana alam gk liat dr berapa sholeh nya seseorg,angry
744,nyata daerah gue ga pernah banjir banjir di era gubernur sekarang ngerti bego yang sekarang url,angry
627,username username maksud kayak banjir di setiabudi utara kali ya wkwk,happy
632,nonton tv banjirbuka twitter banjirbuka instagram banjirbuka dompet gataunya kering,sadness
282,buka wa bahas banjirbuka tiwtter bahas banjirbuka ig bahas banjir banjir aja semua dompet gua aja yg kering asw,sadness
376,cerdas berpikiranggaran tanggulang banjir di poting padahal di tahu sama tanpa biaya bagaimana bisa operasi perangkat cegah banjir anjur pusat utk lanjut program cegah di abai hooii otak pakai yg benar jgn bodoh masyarakat mikir url,angry
384,username tahun ini baru jalan bulan tapi udah x banjir gabener idiot,angry
224,username benar serba salah hujan datang terus bisa datang banjir tapi bisa jadi sumber rejeki anak yang profesi bagai ojek payung jadi harus gimana dong wkwk,happy
966,asli kesel bgt banjir mulu ya allah tolong,sadness
825,asik banjir bisa izin gak kerja,happy
472,banjir kentod,angry
347,username alhamdulillah nge aman enjoy skut,happy
505,kalo lagi banjir gin jangan sampe maen aer lawan jenis bisa bisa hamil kan berabe ntar kagak tahu siapa bapak,happy
639,username wkwkwkwkwkw alhamdulilah aman tp akses kesana banjir jd liburr,happy
1000,username username tepat sekali nyungsep krn banjir jilid padahal belio udah jaga di pintu aer hujan lokal dan aer pasang menghadang inti bacot tak bisa tutup ketidakbecusannya,angry
797,semenjak bangun mrt bentar banjir melulu wkwk projek siapa si,happy
939,jakarta banjir lagi anies dibully yaiyalah turut ngana aja anjir kerja bisa kaga masa ulang terus ada yg nama tanggulang bencana lho ajar ga si dulu plkj sue,angry
916,username bacot kau gak bisa denger gua ngomong banjir dikit ye lau di kawasan rumah gua gak banjir alhamdulillah,happy
619,banjir lagi ler kamdur udah x ler asu,angry
866,username username username cek juga mas sekaliam di google presiden goblok nya siapa sakit hati jangan lewat mas muter nya jauh gak sekaliam salahin tuhan yg bikin banjir situ sehat mas kok,angry
814,username username username username username username lo liat kampus bangga kalian dpn kampus banjir haha,happy
645,username jangan banyak bacot ci gw ga tau lu siapa pak bos tp stop bacotlu ci ini semua jd korban banjir tanpa solusi tiap hari pak bos sama elu bisa bacot doang,angry
857,username iya nih rumah ku sih aman dr banjir tapi akses ke kantor yang banjir emoji alhamdulillah tadi dapet mobil onlinenya sih tapi macet banget emoji,happy
556,kalau sudah banjir gin parah nya gakbener amp seluruh tim nya di tangkap emoji dong pak adil emoji jangan di kasih pegang uang rupiah pun semua apbd d k i harus masuk ke menteri uang tutup jalur uang agar kerja benar jangan di beri uang se rupiah pun uang bikin males bu emoji url,angry
970,semenjak dri tahun baru kemaren tiap ujan deres selalu banjir yaallah cape yaallah resin rumah yg kebanjirann emoji emoji,sadness
577,username palelo hari libur dasar bego banjir yaa banjir bego,angry
795,rumah temen gue yg notabennya jarang kena banjir ini banjir wkwkkwkwkwkwkkwkw url,happy
85,buat elo elo yg sok netral soal banjir biar liat opini lo unpopular lo goblok sok lawan arus bela anies uda bayar pajak blm tau brp gaji yg potong per bulan buat ginian ngentot,angry
242,sek sek ini bukan bunderan tempat biasa ngumpul buat demo amp reuni itu yaa masya allah saya pikir tmpt kumpul org sok suci bebas dari banjir nyata malah parah emoji emoji url,happy
698,username gapapa banjir yg penting iman owkwokwokwowkwowk,happy
159,username username username dulu februari thn banjir dan sekarang banjir lagi tetap siaga emoji,sadness
524,kosan aku tuh udah tempat yg paling tinggi di antara rumah warga dan hari minggu kmrn pun masuk air oh man aku ken nang ngebayangin rumah warga yg udah pasti lelep dan itu di depan mata aku banget ibu depan kosan bilang di rumah banjir lutut,sadness
35,liat timeline username isi banjir semua emoji stay safe guys,sadness
540,buka twitter isinye banjirbuka wa isinye banjirbuka instagram isinye banjir juge ga di sangka gilir buka dompet ehh isinye kering emoji hahaha,happy
170,username username username username username ngacoo bin ngawur mana data klo belum th macet dan tingkat banjir di jkt lebih baik,angry
654,username alhamdulillah ga banjir cm akses k kantor banjir susah lewat jd libur saja emoji emoji,happy
901,banjir parah bett pen nang akuu emoji emoji emoji,sadness
868,ini satu kampret yg punya peler krn kampret lain ga punya peler lagi pada ngumpet masih ingat betapa jahat hujat kalian kepada si kafir saat banjir landa jakarta saat itu mana kalian sekarang url,angry
858,alhamdulillah banjir ada faedah hahah,happy
983,udah dong hujan kasi yang kemaren baru selesai bersih bersih rumah masa harus kena banjir lagi url,sadness
733,alhamdulillah makasih ya allah udh kasih banjir,happy
95,username itu kata hanyut bawa banjir gitu,sadness
563,wkwk asa kawasan rumah gua dah yg banyak pantai nya tapi rumah kaga ada banjir samsek alhamdulillah,happy
240,bisa kurus gua kalo tiap hari banjir,happy
742,ada kok cari aja gue siar jebak banjir di sarinah thamrin sono search gubernur siapa kalo goblok gue protes masuk anies yang paling ga ada harap ngerti url,angry
574,username username wkwkwkwkwk kumis doang tebel otak nol masa banjir bisa milih hari,happy
690,username banjir banjirr tutup akses nya kaka wkwkwudeh libur diri sprti kuu emoji,happy
460,username hahahahahahahahahahahh kadrun singgung banjir ny jilid jilid kaya demo waktu ntu banjir surut banjir surut banjir surut banjir surut banjir lagi,happy
553,ini saat yang tepat untuk hamil anak orang tanpa perlu tanggung jawab byurr renang di banjir,happy
889,astaghfirullah emoji emoji url,sadness
206,alhamdulillah kasih banjir lagi,happy
392,username wkwk lu sekarang pantes sebut lhya banjir,happy
794,username username ya banjir wkwk gaseparah hari lalu tapi,happy
397,ga usah pada ngomporin mulu kenapa sih ini kan mana mana lagi banjir sebab utama banjir itu ya karena plastik url,angry
766,woi banjir nih ane ga bisa ke pik lagi nih makan bakmi babi username,angry
859,jakarta banjir kena azab karena warga sering nyinyirin gubernur wkwkwk,happy
217,moga kali ini nggak banjir khususon kosan temen yg besok uts aamiin,happy
4,semangat pagi sobat bendung hilir url,happy
768,username aman makk alhamdulillah jauh dr banjirsampe mana mak,happy
642,username ti kerja rumah aj udh sudirman banjir wkwkw,happy
908,username wkwk,happy
612,jalan tutup semua karena banjir paksa muter balik rumah lagi wkwk,happy
738,jd td gue pen turun di mangga besar pas baru turun kereta gue denger suara bocah girang amat pas gue tengok bawab woanjirr banjir udh kyk sungai trs gue lgsg naik kereta gw yg td wkwkwk gajadi dah gue turun emoji emoji emoji jd tetep ke jakot walau pun gtau ini bisa nyampe atau ngga,happy
546,username username iyaa mas alhamdulillah ndak banjir lagi,happy
725,brisik bacot lu pada ngomongin gua g bela perintah ngaca lah lu aja nyampah mulu kerja gua gedek banget dah org indo bisa nyalahin mulu nyuruh perintah bersiin sampah keruk kali woy itu sampah sape bambang susah hidup d negara yg rakyat maharaja,angry
683,akibat banjir sana sini akhir di libur kerja jadi bisa tidur hari hahahhaa,happy
98,yah allah banjir dimna mana emoji,sadness
804,username sorry nih abang yg atas nama bamus betawi ente liat situasi jgn pke politik tp nyata bang betawi mang banjir tp gak sering skrg dulu kaga jadi pintar utk lihat fakta amp nyata jgn ente rasa ente betawi bgt tp kga bisa liat fakta,angry
727,username username username kalau ga mampu kerja suruh mundur aja tuh gabener bahlul makanya harus tau job description itu apa presiden sudah instruksi atas banjir tapi dasar gabener bahlul ga mampu kerja makanya tulalit oon url,angry
573,banjir dikit anies banjir dikit anies coba yg bilang anies ga bisa jadi gubernur ente gantiin anies becus kgk goblok emang klo punya bacot,angry
406,kenapa siap e formula lebih serius ketimbang antisipasi banjir karena e formula itu belum tentu tahun sekali gelar di jakarta sedang banjir hampir tiap tahun selalu jadi di jakarta jadi sabar aja yaa berkah berkah mbah,angry
502,lucu juga nih pas ngga banjir mallnya nikmat pas banjir demo emoji url,happy
47,ngakak emoji mesen grabfood dari tdi ga dtg lama bener nyata abang jebak banjir depan gang mau gamau gua yg nerobos banjir diliatin orang mana macet gua jalan pake jas ujan ngakak emoji,happy
32,jijik banget denger bacot pro anies banjir adalah berkah karna jakarta adalah kota penuh dengan rawa halah bacot lu rumah lu noh lelep,angry
779,username di jalan tuju kantor tapi akses tutup karena banjir wkwk,happy
839,mau apresiasi diri sendiri dulu bisa sampe puskes jam walaupun halang banjir karena naik motor jd bisa nyelip huhuhu alhamdulillah tp skrg sepi bgt kek kubur ga ada org emoji emoji,happy
200,siapa yang gak bisa berangkat kerja sekolah gara banjir wkwkwkwkwk,happy
134,bangsyatt ngakak dnk w emoji banjir bisa milih di weekend url,happy
27,ngeliat ig banjir emoji ngeliat facebook banjir emoji ngeliat twitter banjir emoji eeehh pas ngeliat dompet malah mulai kering emoji emoji emoji,happy
891,bangsat gua udah bahagia hr ini gamasuk lg grgr banjir udah bikin plan pokok mau ngedrakor ampe muntah tau mati lampu,angry
230,banjir mana coy buat cewe hati nti hamil loh kalo di air yg sama hehe,happy
489,telat anjing dah banjir url,angry
772,username hahaha banjir gin sendiri dah gubernur gada wakil wkwk,happy
378,karaktermasyarakat akhir menetahui karakter dan kualitas anies saat ini dan model seperti ini memang di harap oleh orba koruptor radikal serta mafia mengapa tiap org yg dukung anies pasti bagi org yg ingin nkri hancurcontohwajah banjir jkt url,angry
288,username kita harus syukur banjir besar kita selalu hari libur jnck,angry
418,salah satu temen kantor yang satu ini username smngat ya hujan deras jan smpe banjir halang java jazz an this wiken wkwk,happy
674,nonton tv banjir buka wa banjir buka fb banjir gilir buka dompet kering,sadness
391,username ngeluwaak lo yaakk ngurusin banjir aja kge bcuz mo ngurusin masa depan bangsa wkwkwland emoji,happy
592,sedih banget baca berita jakarta banjir mana mana jadi trauma tiap balik ke jakarta gara gara ngerasain bingung balik ke bandung pas tahun baru kemarin emoji kecewa banget sm yg kata bisa bikin jakarta lebih bagus dr belum emoji,sadness
498,username jangan bacot aje istana presiden banjir tuh,angry
138,username kaga kode oii emoji banjir lagi gaa yos,happy
62,si terbang banjir grogol tawakal username wkwkwkwk url,happy
471,dan ketika rmh mamah udh hampir beres dan normal lagi trus pagi ini dpt kabar kena banjir lagi tuh nyesek bener rasa emoji,sadness
647,rumah gw alhamdulillah aman,happy
128,yang sering buang sampah sembarang larang ngeluh kalo banjir gara gara lo kita semua jadi susah url,angry
989,sumpah sih ini jam depan masih hujan kaya gin fix banjir ni bgst wkwkwk,happy
520,alhamdulillaah sikon sudah mulai baik salur air udh gak mampet n banjir pun sdh mulai surut emoji terimakasih mas b yg udah ijin kerja utk bantu kerja bakti emoji,happy
838,klo tau arah krw banjir mah tadi aja make sendal mana sepatu isi nya jadi genang aer doang yakan wkwk url,happy
975,jancok banjir lagi,angry
64,pak username username ini sudah hari sejak tanggul ini jembol akibat kami dalam hari ini kali jg banjir air deras ini rendam rumah kami yg bawah kami capek pak siang bersihin rumah malam banjir benar capek lokasi pasar manggis url,sadness
812,username banjir lg put,sadness
14,pd ribut aja ribut ga bikin banjir surut jg emoji url,sadness
156,rumah gak kena banjir tapi kamar selalu bocor tiap hujan deres begini emoji,angry
40,mulai naik air nya emoji kampung gaga caplin ciledug url,sadness
492,banjir bikin ribet anjir emoji emoji,sadness
379,nonton tv banjirbuka ig banjirbuka wa banjirbuka tw banjir buka dompet kering bet kering emoji,sadness
187,username username username wkwk biasa ah udah caoek juga benar ngadepin begini sampe banjir bilang berkah padahal yang berkah itu hujan bukan banjir kalo banjir itu bencana emoji mungkin nunggu jakarta banjir bandang baru mereka sadar kalo banjir itu bukan berkah lain bencana hehe,happy
763,username gokil lu wkwkw hek banjir ya gua bingung anjay mau balik gmn wkwk,happy
216,alhamdulillah sampe rmh lagi dengan selamat sentosa walaupun td sempet muter karna banjir mana kepung jekardah bismillahh sayang,happy
791,wkwkw lucu baca komentar ttg banjir jakarta apalagi si mereka itu wkwkwkw,happy
52,alhamdulilah daerah rumah ku gak banjir tapi malah ada niat bulan april mau pindah rumah ke daerah yg mungkin akan kena banjir emoji,happy
878,username heh gue aduin bapak lo ya jamall jamall banget banget lo mal banjir gin lo nyuruh gue sepeda mal gak gue sensor mall,angry
337,username username username username username buzzer datang sekarang gin perintah pusat sudah kerja di hulu untuk tangan banjir kirim lah sementara pemprovnya sendiri ga buat banyak hujan lokal aja banjir gimana kalo kirim mikir oi para buzzer akal sehat lu udah ilang,angry
748,air di jakarta lagi ngantri buat masuk ke tanah makanya banjir mana kan air lagi antri yg gak bisa kerja kagak minta ganti yg jelas bisa bikin harga bensin turun minta digantibego,angry
719,aku cinta banjir,love
724,ibarat lo buang sampah d lantai rumah lu dan suruh bantu bersihin habis dibersihin lu buang lagi di lantai gitu terus sampe goblok kalo bantu lu gak buangin dan sampah lu numpuk lu nyalahin bantu emang pd dsrnya mental sok raja,angry
295,marching ke aeon pake teriak ancurinn ancuriin emang kalo otak udh gaberes begini nih kan lp ngancurin mall gabikin rumah lo ga banjir juga kecuali di dalem aeon ada kendali air url,angry
701,baru kmrn banjir surut skrg udah banjir lagi emoji,sadness
251,banjir nya mana mana ih sebel,angry
726,logika g akan ada sampah di kali yg hrs keruk kalo g ada yg buang k sana lu pikir siapa yg kerja buang sampah k kali saytonnirrajim iya elu setan,angry
461,username hahahahahahahahahahahh ni dia kadrun banjir ny kaya waktu ntu yeh demo jilid jilid sama banjir surut banjir surut banjir surut banjir surut banjir surut banjir,happy
455,lama hidup di jkt baru semalem w panik sama banjir bgn jam beberes barang trs pas subuh tambah gede ujannya bener aja masuk ke dapur lelep sanyo w jd air mati untung aja lampu nyala kalo engga taudah gmn sampe rs nahan ngantuk untung pasien sahabat makasih yaallah,happy
1009,username username otak loe g cuma ceper tp terlalu bnyak lendir emoji semua gubernur ras situasi banjir tp tdk dgn kata retorika phon dimonas tdk tebang air yg janji bum skrg malah harap air laut surut agar banjir cpt surut pantas saja di google gubernur bodoh username emoji,angry
815,username tentu mbaak izin ga masuk karena banjir huawhahaha,happy
862,username turut dukacita buat pho ya to btw semayam di jakarta barat akan sulit akses karena banjir nih,sadness
269,username username username banjir se indonesia yang diributin jakarta doang wkwkwkwk tuh tol cibitung arah jakarta banjir pakde username ngapain aje wkwkwkwkwk url,happy
201,sumpah kalo kek gin gw harap minta dpr d dki jakarta pecat si anoes bajing,angry
161,kasi yang kena banjir kasi yang kerja nyari akses jalan karna banjir lu kalo bocor aja jangan pada ngeluh ya syukur ajaa udahh masih alhamdulillah,sadness
555,username kelapa gading toh pantesaan banjir aman sih mine alhamdulillah,happy
729,username heh bang jana banjir wkwkkw,happy
401,kan hati nang jakarta banjir,sadness
702,username astaga gw masih normal de wkwk please waras ade wkwk awas kena air banjir de nanti hamil emoji emoji,happy
476,negara lain pusing mikirin corona sini pusing mikirin banjir wkwkkwkw,happy
821,ada yg besar tapi bukan asa ke kamu banjirr cook,angry
771,innalillahi banjir lagi di jakarta,sadness
105,username username banjir pulomas nih anies udah lantik kan ya wkwkwk url,happy
565,ada yg ga berani rabas banjir takut hamil emoji emoji,happy
389,mau syukur jkt banjir gede pas lg di luar kota tp kasi abang gue di jkt nyari makan aja susah ya allah emoji emoji emoji moga cepet surut emoji emoji emoji,angry
1,ujan dr semalem udh bikin banjir kaya gin hmm url,angry
948,username alhamdullilah doa kabul banjir hari kerja emoji emoji,happy
995,username username banjir jakarta nya bahagia warga wkkw,happy
561,username username alhamdulillah di desa ga banjir karna daerah hutan pelosok desa dalam gunung,happy
80,username wkkwkwkw banjir bukan masuk force majure yaa,happy
205,wkwkwk katulampa normal tapi jakarta banjir wkakka,happy
34,lagi musim banjir disuru ke sukabumi hadeh,angry
775,turut nirwono ahok milik nilai tambah karena sikap tegas dia mampu laku tata beberapa titik kali ciliwung url,``
508,padahal yang salah pun belum tentu buang sampah ke tong sampah sibuk korupsi di sana sini gilir jakarta banjir sok salah perintah jakarta b anjir,angry
427,username hahahhahaha lumayan hibur kala banjir asli kira mau menghimbau hati ada ular hahhahahaha terima kasih pak buat kami ketawa kala banjir bravo pak polisi,happy
454,rumah gw cuma menit dari sini turut sedih sama warga tempat yg alami banjir parah grgr developer macem begini url,sadness
366,username jangan banjir hari ini di jadi alih alas sudah kali kali saya kata dari kemaren saya batal dari kemaren juga saya kata sellernya gak respon sama sekali,angry
91,banjir lagi gimana berangkat ngantornya ini,sadness
339,banjir mana mana weh moga cepet surut ya allah,sadness
897,username banjir parah dong des wkwk,happy
564,wkkwkwkkwk nasehat abis lewatin banjir dengan motor mio url,happy
345,kalo kata si novita tanggal hari ini dapet gaji emoji dapet dispensasi libur emoji dapet banjir emoji alhamdulillah berkah lipat lipat,happy
776,username mamposs tuh banjir di hari kerja tuh eh salah ini hari libur ya libur gegara banjirr asuu,angry
241,turut duka cita ini celaka akibat yah bukan krn tolong netijen tertib walaupun fakta depan mata ndak becus kerja cuma ngandelin doa dari bamus betawi url,sadness
13,makin aneh gubernur ga bs manage upaya cegah banjir sibuk citra trus dukung akan cari alesan sana sini buat bain get real dude he s so fail so far,angry
315,alhamdulilah beli genset pas tahun baru kemarin guna juga kepake lagi kan skrg mas mati lampu dr jam pagi di bintara,happy
600,username apa mitigasi banjir yg kaw laku jangan hanya narasi,angry
387,buka wa banjirbuka fb banjirbuka twitter banjirbuka ig banjirbuka hati kaga ada yg mau anjirr,sadness
273,username banjir ga norma butik wkwjw,happy
166,selamat pagi jakarta hari ini banjir mana mana jangan pada renang ya nanti hamil kasi nyari bapak ntar gambreng sejakarta lagi nyari bapak hmm,sadness
840,pas sekolah moga besok banjir lagi biar libur lagi emoji pas kerja ya allah kapan surut gimana ini gw mau kerja emoji url,sadness
1005,yah banjir lagi woi elah,sadness
646,duh takut bekas sana banjir lagi nenek sama atok gapapa kan ya ya allah bom ada kabar sama sekali dari td pagi emoji,fear
818,dulu kata banjir itu azab karena pimpin yg dhozlim yg gak iman skrg udh di ganti mash aja banjir dlu tahun kali banjir skrg tiap minggu kali haha,happy
484,username ada lagi orang goblok komen dan bain republik merdeka yg penting pro anies mungkin si adhi mawardi memang buta lu lihat danau pluit rio terus pasang sheet pile dan banyak lagi yang ngerjain siapa terus anies sudah ngerjain apa soal banjir si adhi bisa nyebut nggak,angry
993,jdi ingat transformer yg mobil item gila ni mobil apa truk mantap ini bt safari banjir kwkwk url,happy
504,username username gw pikir bos loe yg di xikeas kagak bisa jg ngatasin banjir di negara maju sana jg byk banjir tp gak nyinyir banjir bacot loe,angry
831,info kek akses jalan ke mangga dua square gimana krn gua harap banjir biar ga ke kantor wkwkwkwkwkwk,happy
243,username kangen pas udah gak ujan aja sekarang gampang banjir wkwkwk,happy
566,banjir uda hari siapa kmren yg bilang cepat surut bacot aja,angry
875,alhamdulillah banjir,happy
562,username username alhamdulillah di desa ga banjir karna di daerah hutan desa gunung hehee,happy
965,gila emang uda kali gue bolos gara gara banjir kampret nih,angry
686,username bahagia dy banjir nya baru bgt dtg,happy
957,username jakarta aja tiap hari banjir alas ada antri air masuk ke tanah klau di wakil presiden bisa jakarta tenggelam dia santai bilang indonesia la mau masuk ke tanah wkwkwkwk,happy
189,jakarta kalo siang panas malam hujan gede dan pagi nya banjir emoji cinta dan syang bnget sma kota metropolitan ini emoji,love
782,username username innalillahi jakarta banjir lagi moga nanti ada pimpin jakarta yang rendah hati tak ujub takabur rasa sudah banyak buat,sadness
699,udh niat gak masuk kerja karna alesan banjir pada akhir masuk siang pun gak papa kata pak bos emoji hahaha miriss emoji,happy
475,banjir muncul kepiting dong wkwkwkhi kepiting jangan masuk rumah ya nanti bisa ada goreng emoji url,happy
681,username username ngapain ning gua pulang bobo rumah rumah gua bebas banjir ahahahha tapi aksesnyaa banjirr wkwkwkwk,happy
510,buka wa banjirbuka tv banjirbuka ig banjirbuka dompet kering anjeng,angry
58,banjir ey lah mana hari ini gajih anying lah emoji,sadness
474,wkwkwkwkwkwkwkwk sekarang banjir hari selasa loh masa iya tiap bulan kali banjir jakarta hdhh url,happy
560,cakung banjir parah bgt pinggang orang dewasa gabisa lewat sma sekali motor pada puter balik pulang rumah wkwk mobil gede aja gaberani lewat btw ini bukan hari libur yaa pak emoji url,happy
856,username jalan pada banjir tidur lagi aja wkwkw,happy
747,ijinkan saya tertawa hasil kerja anda username terima kasih untuk tidak siap anda tangan musim hujan amp banjir di jakarta,happy
252,hmm banjir nya di hari selasa pak gimana sihh url,sadness
21,dini hari tadi kemang selatan xii jakarta selatan nyata keikutsertaannya dlm ria utk sekian kali moga kali ini kawasan ini aku bagai serta telah kecewa tdk nyata banjir oleh username pd peristiwa tahun baru lalu url,sadness
313,mereka kritisi bangun mall jgc yg ini itu sampe nyalahin gubernur yg sekarang karena bikin banjir dan bagai padahal mallnya udah bangun sblm gubernur yg skrng lantik buzzer emang tolol ribu orang yg ngeretweet lebih tolol dibutain benci gitu jadi,angry
459,kasi yg kena banjir,sadness
160,terima kasih ya allah sudah kasih banjir tiga kali dalam dua bulan pak pimpin jangan banyak ngeles donks mosok udah hampir dua bulan masih silat lidah gang edi guntur url,happy
276,wkwkw jakarta lumpuh karna banjir yaudah tunggu surut jak baru dak lumpuh agik gt aja kok repot,happy
955,username belum doa harus beberes bekas banjir dulu njing,angry
191,jakarta sekarang asal kena ujan pasti banjir sad,sadness
385,username username belum bulan udah x banjir idiot sih kalo turut saya,angry
805,username ssuuee ninjau doang gabener aw g becus kerja jakarta kali banjir turun aja mending jangan muke badak lu aw,angry
413,ngantuk banget sial mana toko kalo banjir rame pis,angry
491,alhamdulillah ya allah rumah gue ga kena banjir walopun akses ke jalan besar ga bisa krn banjir ga bayang punya bayi trus banjir tuh rempong gmn emoji,happy
343,username si username goblok ini kalo ketemu pas banjir enak nya di lelepinbiar congor nya ga berisik,angry
769,username lhaiyo bojoku wae gak masuk kerja banjir mana mana wkwk mana ujan gak renti,happy
308,username kerja dr dulu blok udh banjir terus mau lu minum tuh air,angry
661,wanita jangan nekat terobos waspada hamil,happy
130,jalan ke kantor banjir nggak ya emoji,sadness
663,username lupa malay nggak kaya jakarta yang banjir mulu wkwkwk,happy
871,username klo kita kritik omnibus bilang kadrun klo kita kritik gubernur sangka ahokers aneh emang gak jernih kaya air banjir wkwkw,happy
99,buka tv banjir buka whatsapp banjir buka twitter banjir buka dompet kering nasib emoji,sadness
372,liat berita mana mana pada banjir eh pas liat dompet ko kering ya,sadness
87,alhamdullilah rumah gue gak kena banjir tapi semua akses banyak tutup karena banjir bukan cuman akses jalan yg tutup nurani dan pikir gubernur username juga masih tutup anyway gubernur dongo lagi mana bantu apdet dong url,happy
458,semua banjir pas ngeliat isi dompet eh kering,sadness
330,username banjir lah ini rumah gue dari pagi tapi belum surut alhamdulillah gue keluarga gak kenapa kenapa tapi cuma lapar aja soal beberapa daerah listrik jg di padam yaudah emang takdir banyak yang gt kok tapi ttp stay safe ya barang penting lindung,happy
214,gw males sebenernya ngetweet begini tapi jujur jaman ahok emang gw gak pernah bagi banjir sampe parah begini sekarang kalo tidur malem dan hujan besar tuh rasa was was banget dan langsung fix gak bisa tidur,fear
466,username hai mba oc semangat juga seminar sambil nimkatin banjir to wkwk,happy
121,ya allah hujan nggak brenti,sadness
614,username gedung sebrang trisakti yg banjir kampus gw mah aman nop tapi diliburin juga wkwkw,happy
20,karena banjir ganjil genap tidak laku di jalur jalur utama jakarta tapi ya bukan gin juga maksud username url,angry
700,hari libur ndasmu ini hari selasa peduli setan mau kufur mau ga agama yang penting otak ga sengklek kalo yang agama model kaya gin mending gausah agama sekali banjir ya banjir gausah ngeles lah pak url,angry
71,username tiap kali hujan tiap kali itu juga banjir username username username username username username,angry
106,astagfirullah pagi udh jebak banjir aja gimana mau ke kantor nih gw kalau jalan seperti ini url,angry
270,makin banyak org gila ya wkwkwkw kita wajib besyukur banjir besar ini selalu datang hari libur ini kalo bukan anies gubernur sholeh doa banjir bisa hari senin selasa rabu emoji url,happy
860,moga tidak nambah tinggi dan masuk ke rumah amiin emoji url,happy
435,orang orang napas udah tau banyak testimoni di depan yang pada mogok masih maksain lawan banjir njr,angry
102,bencana banjir gin udah ga lucu lagi buat becandaan sumpah ini tuh ada yang salah,angry
